Start,Finish,Steps,Distance,Weight
10/23/2015 0:00,10/24/2015 0:00,1686,0.839075361,
10/24/2015 0:00,10/25/2015 0:00,1253,0.622663644,
10/25/2015 0:00,10/26/2015 0:00,3891,1.802812156,
10/26/2015 0:00,10/27/2015 0:00,692,0.352093772,
10/27/2015 0:00,10/28/2015 0:00,539,0.243123906,
10/28/2015 0:00,10/29/2015 0:00,649,0.319981309,
10/29/2015 0:00,10/30/2015 0:00,8086,3.747099958,
10/30/2015 0:00,10/31/2015 0:00,1420,0.692623827,
10/31/2015 0:00,11/1/2015 0:00,1399,0.662321954,
11/1/2015 0:00,11/2/2015 0:00,2602,1.292226351,
11/2/2015 0:00,11/3/2015 0:00,1106,0.54537947,
11/3/2015 0:00,11/4/2015 0:00,1887,0.900539317,
11/4/2015 0:00,11/5/2015 0:00,575,0.261060696,
11/5/2015 0:00,11/6/2015 0:00,2179,1.098087982,
11/6/2015 0:00,11/7/2015 0:00,1154,0.554822338,
11/7/2015 0:00,11/8/2015 0:00,3146,1.451942212,
11/8/2015 0:00,11/9/2015 0:00,1514,0.696204754,
11/9/2015 0:00,11/10/2015 0:00,964,0.495605587,
11/10/2015 0:00,11/11/2015 0:00,1147,0.555247243,
11/11/2015 0:00,11/12/2015 0:00,1767,0.870054073,
11/12/2015 0:00,11/13/2015 0:00,1008,0.501173149,
11/13/2015 0:00,11/14/2015 0:00,425,0.214012666,
11/14/2015 0:00,11/15/2015 0:00,692,0.338412948,106.8
11/15/2015 0:00,11/16/2015 0:00,27,0.018305595,
11/16/2015 0:00,11/17/2015 0:00,317,0.168074694,
11/17/2015 0:00,11/18/2015 0:00,529,0.244577915,
11/18/2015 0:00,11/19/2015 0:00,519,0.243496729,
11/19/2015 0:00,11/20/2015 0:00,479,0.23929626,
11/20/2015 0:00,11/21/2015 0:00,457,0.217355643,
11/21/2015 0:00,11/22/2015 0:00,4395,2.023307309,
11/22/2015 0:00,11/23/2015 0:00,1126,0.555730544,
11/23/2015 0:00,11/24/2015 0:00,474,0.206910393,
11/24/2015 0:00,11/25/2015 0:00,1617,0.757053517,
11/25/2015 0:00,11/26/2015 0:00,929,0.431498706,
11/26/2015 0:00,11/27/2015 0:00,1223,0.685669437,
11/27/2015 0:00,11/28/2015 0:00,1231,0.589301332,
11/28/2015 0:00,11/29/2015 0:00,715,0.394247594,
11/29/2015 0:00,11/30/2015 0:00,1907,0.967823461,
11/30/2015 0:00,12/1/2015 0:00,686,0.355915205,
12/1/2015 0:00,12/2/2015 0:00,667,0.332079406,
12/2/2015 0:00,12/3/2015 0:00,3184,1.392654398,
12/3/2015 0:00,12/4/2015 0:00,5562,2.570898225,
12/4/2015 0:00,12/5/2015 0:00,7169,3.541439564,
12/5/2015 0:00,12/6/2015 0:00,1408,0.705678845,
12/6/2015 0:00,12/7/2015 0:00,113,0.059185606,
12/7/2015 0:00,12/8/2015 0:00,74,0.039581345,
12/8/2015 0:00,12/9/2015 0:00,165,0.084500268,
12/9/2015 0:00,12/10/2015 0:00,74,0.057110226,
12/10/2015 0:00,12/11/2015 0:00,38,0.03173964,
12/11/2015 0:00,12/12/2015 0:00,36,0.041408176,
12/12/2015 0:00,12/13/2015 0:00,25,0.015124175,
12/13/2015 0:00,12/14/2015 0:00,73,0.040674958,
12/14/2015 0:00,12/15/2015 0:00,38,0.036449634,
12/15/2015 0:00,12/16/2015 0:00,8,0.004374453,
12/16/2015 0:00,12/17/2015 0:00,70,0.041923914,
12/17/2015 0:00,12/18/2015 0:00,5669,2.555848843,
12/18/2015 0:00,12/19/2015 0:00,13,0.006058369,
12/19/2015 0:00,12/20/2015 0:00,4926,2.35540071,
12/20/2015 0:00,12/21/2015 0:00,729,0.373649139,
12/21/2015 0:00,12/22/2015 0:00,1223,0.580982065,
12/22/2015 0:00,12/23/2015 0:00,542,0.257496222,
12/23/2015 0:00,12/24/2015 0:00,2599,1.22647645,
12/24/2015 0:00,12/25/2015 0:00,544,0.277610008,
12/25/2015 0:00,12/26/2015 0:00,610,0.335962976,
12/26/2015 0:00,12/27/2015 0:00,2985,1.260072427,
12/27/2015 0:00,12/28/2015 0:00,1035,0.527916965,
12/28/2015 0:00,12/29/2015 0:00,2294,1.097844836,
12/29/2015 0:00,12/30/2015 0:00,1160,0.544097471,
12/30/2015 0:00,12/31/2015 0:00,553,0.276162213,
12/31/2015 0:00,1/1/2016 0:00,1130.517472,0.586268743,
1/1/2016 0:00,1/2/2016 0:00,1592.482528,0.782798404,
1/2/2016 0:00,1/3/2016 0:00,5993,2.766301052,
1/3/2016 0:00,1/4/2016 0:00,519,0.257819335,
1/4/2016 0:00,1/5/2016 0:00,428,0.204151505,
1/5/2016 0:00,1/6/2016 0:00,419,0.175556003,
1/6/2016 0:00,1/7/2016 0:00,659,0.321485027,
1/7/2016 0:00,1/8/2016 0:00,530,0.24810109,
1/8/2016 0:00,1/9/2016 0:00,239,0.146413694,
1/9/2016 0:00,1/10/2016 0:00,1616,0.888773078,109.2
1/10/2016 0:00,1/11/2016 0:00,1175,0.594813787,
1/11/2016 0:00,1/12/2016 0:00,645,0.318229042,
1/12/2016 0:00,1/13/2016 0:00,1185,0.601829068,
1/13/2016 0:00,1/14/2016 0:00,543,0.286010946,
1/14/2016 0:00,1/15/2016 0:00,640,0.331290265,
1/15/2016 0:00,1/16/2016 0:00,3267,1.57316273,
1/16/2016 0:00,1/17/2016 0:00,2776,1.436722043,
1/17/2016 0:00,1/18/2016 0:00,127,0.079821343,
1/18/2016 0:00,1/19/2016 0:00,484,0.233790911,
1/19/2016 0:00,1/20/2016 0:00,599,0.282717679,
1/20/2016 0:00,1/21/2016 0:00,498,0.230789688,
1/21/2016 0:00,1/22/2016 0:00,984,0.507411716,
1/22/2016 0:00,1/23/2016 0:00,498,0.226067267,
1/23/2016 0:00,1/24/2016 0:00,2185,0.977199405,108.2
1/24/2016 0:00,1/25/2016 0:00,1063,0.557189762,
1/25/2016 0:00,1/26/2016 0:00,1932,0.962814662,
1/26/2016 0:00,1/27/2016 0:00,776,0.388077378,
1/27/2016 0:00,1/28/2016 0:00,683,0.330818023,
1/28/2016 0:00,1/29/2016 0:00,1177,0.57620372,
1/29/2016 0:00,1/30/2016 0:00,873,0.423321552,
1/30/2016 0:00,1/31/2016 0:00,1173,0.663044839,
1/31/2016 0:00,2/1/2016 0:00,1763,0.91562152,
2/1/2016 0:00,2/2/2016 0:00,506,0.222854778,
2/2/2016 0:00,2/3/2016 0:00,2993,1.395382218,
2/3/2016 0:00,2/4/2016 0:00,2792,1.402419817,
2/4/2016 0:00,2/5/2016 0:00,861,0.406171707,
2/5/2016 0:00,2/6/2016 0:00,677,0.336658912,
2/6/2016 0:00,2/7/2016 0:00,1177,0.609527857,
2/7/2016 0:00,2/8/2016 0:00,841,0.439234868,
2/8/2016 0:00,2/9/2016 0:00,489,0.221363487,
2/9/2016 0:00,2/10/2016 0:00,540,0.258384783,
2/10/2016 0:00,2/11/2016 0:00,1282,0.643808906,
2/11/2016 0:00,2/12/2016 0:00,431,0.205568232,
2/12/2016 0:00,2/13/2016 0:00,630,0.326835033,
2/13/2016 0:00,2/14/2016 0:00,2992,1.47566959,
2/14/2016 0:00,2/15/2016 0:00,1083,0.529743796,
2/15/2016 0:00,2/16/2016 0:00,1235,0.584213195,
2/16/2016 0:00,2/17/2016 0:00,630,0.315793267,
2/17/2016 0:00,2/18/2016 0:00,1286,0.634662322,
2/18/2016 0:00,2/19/2016 0:00,1198,0.62883386,
2/19/2016 0:00,2/20/2016 0:00,516,0.262442337,
2/20/2016 0:00,2/21/2016 0:00,2795,1.328640738,
2/21/2016 0:00,2/22/2016 0:00,163,0.091733029,
2/22/2016 0:00,2/23/2016 0:00,878,0.43001372,111.2
2/23/2016 0:00,2/24/2016 0:00,960,0.468091347,
2/24/2016 0:00,2/25/2016 0:00,856,0.361675316,
2/25/2016 0:00,2/26/2016 0:00,1094,0.518223574,
2/26/2016 0:00,2/27/2016 0:00,3078,1.411109123,
2/27/2016 0:00,2/28/2016 0:00,2566,1.216644794,
2/28/2016 0:00,2/29/2016 0:00,2394,1.220932256,
2/29/2016 0:00,3/1/2016 0:00,419,0.179874533,
3/1/2016 0:00,3/2/2016 0:00,733,0.36047607,111.6
3/2/2016 0:00,3/3/2016 0:00,453,0.196545922,
3/3/2016 0:00,3/4/2016 0:00,541,0.254289947,
3/4/2016 0:00,3/5/2016 0:00,846,0.41935099,
3/5/2016 0:00,3/6/2016 0:00,1081,0.553393184,
3/6/2016 0:00,3/7/2016 0:00,623,0.295580062,
3/7/2016 0:00,3/8/2016 0:00,573,0.260721139,
3/8/2016 0:00,3/9/2016 0:00,525,0.21944345,
3/9/2016 0:00,3/10/2016 0:00,481,0.196371938,
3/10/2016 0:00,3/11/2016 0:00,665,0.326288227,
3/11/2016 0:00,3/12/2016 0:00,3002,1.308508311,
3/12/2016 0:00,3/13/2016 0:00,2166,1.039988964,
3/13/2016 0:00,3/14/2016 0:00,1365,0.652756651,
3/14/2016 0:00,3/15/2016 0:00,824,0.38191959,
3/15/2016 0:00,3/16/2016 0:00,682,0.300495109,
3/16/2016 0:00,3/17/2016 0:00,868,0.362035711,
3/17/2016 0:00,3/18/2016 0:00,664,0.300097431,
3/18/2016 0:00,3/19/2016 0:00,576,0.2650086,
3/19/2016 0:00,3/20/2016 0:00,1686,0.82119174,
3/20/2016 0:00,3/21/2016 0:00,1412,0.593334924,
3/21/2016 0:00,3/22/2016 0:00,706,0.304428388,
3/22/2016 0:00,3/23/2016 0:00,721,0.320093156,
3/23/2016 0:00,3/24/2016 0:00,839,0.373698849,
3/24/2016 0:00,3/25/2016 0:00,539,0.256328044,
3/25/2016 0:00,3/26/2016 0:00,584,0.23919684,
3/26/2016 0:00,3/27/2016 0:00,1250,0.527649775,
3/27/2016 0:00,3/28/2016 0:00,2676,1.138786984,
3/28/2016 0:00,3/29/2016 0:00,526,0.237761473,
3/29/2016 0:00,3/30/2016 0:00,611,0.247467291,
3/30/2016 0:00,3/31/2016 0:00,781,0.336317158,
3/31/2016 0:00,4/1/2016 0:00,713,0.304217122,
4/1/2016 0:00,4/2/2016 0:00,501,0.210240943,
4/2/2016 0:00,4/3/2016 0:00,1223,0.554884475,
4/3/2016 0:00,4/4/2016 0:00,2650,1.102697745,111.2
4/4/2016 0:00,4/5/2016 0:00,643,0.247224956,
4/5/2016 0:00,4/6/2016 0:00,1838,0.790682415,
4/6/2016 0:00,4/7/2016 0:00,1162,0.497631345,
4/7/2016 0:00,4/8/2016 0:00,645,0.263678865,
4/8/2016 0:00,4/9/2016 0:00,764,0.30659076,
4/9/2016 0:00,4/10/2016 0:00,5160,2.307492991,
4/10/2016 0:00,4/11/2016 0:00,1249,0.539095433,
4/11/2016 0:00,4/12/2016 0:00,639,0.257558359,
4/12/2016 0:00,4/13/2016 0:00,462,0.182993816,
4/13/2016 0:00,4/14/2016 0:00,598,0.245845512,
4/14/2016 0:00,4/15/2016 0:00,2493,1.145234511,
4/15/2016 0:00,4/16/2016 0:00,562,0.248045166,
4/16/2016 0:00,4/17/2016 0:00,1023,0.441161119,
4/17/2016 0:00,4/18/2016 0:00,348,0.161643502,113
4/18/2016 0:00,4/19/2016 0:00,3353,1.545295247,112.6
4/19/2016 0:00,4/20/2016 0:00,1735,0.82227177,
4/20/2016 0:00,4/21/2016 0:00,2514,1.118587845,
4/21/2016 0:00,4/22/2016 0:00,695,0.294200618,
4/22/2016 0:00,4/23/2016 0:00,5247.26503,2.342180599,
4/23/2016 0:00,4/24/2016 0:00,1443.73497,0.669481295,111.6
4/24/2016 0:00,4/25/2016 0:00,2561,1.126011592,
4/25/2016 0:00,4/26/2016 0:00,555,0.244292084,
4/26/2016 0:00,4/27/2016 0:00,2770,1.283106657,
4/27/2016 0:00,4/28/2016 0:00,715,0.322267955,
4/28/2016 0:00,4/29/2016 0:00,871,0.347035811,
4/29/2016 0:00,4/30/2016 0:00,3812,1.724410692,
4/30/2016 0:00,5/1/2016 0:00,1542,0.700148632,
5/1/2016 0:00,5/2/2016 0:00,1928,0.88060104,
5/2/2016 0:00,5/3/2016 0:00,1501,0.666227979,
5/3/2016 0:00,5/4/2016 0:00,4009,1.807401028,
5/4/2016 0:00,5/5/2016 0:00,739,0.328612155,
5/5/2016 0:00,5/6/2016 0:00,586,0.24515579,
5/6/2016 0:00,5/7/2016 0:00,4399,2.029062773,
5/7/2016 0:00,5/8/2016 0:00,159,0.072576155,
5/8/2016 0:00,5/9/2016 0:00,2180,1.016414141,
5/9/2016 0:00,5/10/2016 0:00,457,0.195073272,
5/10/2016 0:00,5/11/2016 0:00,525,0.20198292,
5/11/2016 0:00,5/12/2016 0:00,2406,1.121575002,
5/12/2016 0:00,5/13/2016 0:00,681,0.300780939,
5/13/2016 0:00,5/14/2016 0:00,743,0.319316442,
5/14/2016 0:00,5/15/2016 0:00,1885,0.825274149,
5/15/2016 0:00,5/16/2016 0:00,979,0.447076573,
5/16/2016 0:00,5/17/2016 0:00,483,0.207382635,
5/17/2016 0:00,5/18/2016 0:00,2257,1.047569693,
5/18/2016 0:00,5/19/2016 0:00,531,0.227104957,
5/19/2016 0:00,5/20/2016 0:00,466,0.208345761,112.2
5/20/2016 0:00,5/21/2016 0:00,650,0.294902768,
5/21/2016 0:00,5/22/2016 0:00,6774,3.072351219,
5/22/2016 0:00,5/23/2016 0:00,1371,0.600393701,111.8
5/23/2016 0:00,5/24/2016 0:00,526,0.210986588,
5/24/2016 0:00,5/25/2016 0:00,636,0.282891663,
5/25/2016 0:00,5/26/2016 0:00,1047,0.471150222,
5/26/2016 0:00,5/27/2016 0:00,1291,0.601108278,
5/27/2016 0:00,5/28/2016 0:00,1204,0.521075668,
5/28/2016 0:00,5/29/2016 0:00,1692,0.737350125,112.8
5/29/2016 0:00,5/30/2016 0:00,544,0.245429194,
5/30/2016 0:00,5/31/2016 0:00,2090,0.94838021,
5/31/2016 0:00,6/1/2016 0:00,515,0.205344538,
6/1/2016 0:00,6/2/2016 0:00,703,0.264654418,
6/2/2016 0:00,6/3/2016 0:00,852,0.382435328,
6/3/2016 0:00,6/4/2016 0:00,597,0.25396062,
6/4/2016 0:00,6/5/2016 0:00,1873,0.81478508,
6/5/2016 0:00,6/6/2016 0:00,268,0.123565875,112.2
6/6/2016 0:00,6/7/2016 0:00,1251,0.548919311,
6/7/2016 0:00,6/8/2016 0:00,859,0.378141653,
6/8/2016 0:00,6/9/2016 0:00,783,0.335844916,
6/9/2016 0:00,6/10/2016 0:00,533,0.236338533,
6/10/2016 0:00,6/11/2016 0:00,1987,0.903796827,
6/11/2016 0:00,6/12/2016 0:00,843,0.355267538,111.8
6/12/2016 0:00,6/13/2016 0:00,971,0.417331534,
6/13/2016 0:00,6/14/2016 0:00,473,0.208414112,
6/14/2016 0:00,6/15/2016 0:00,996,0.413509122,
6/15/2016 0:00,6/16/2016 0:00,604,0.26621406,
6/16/2016 0:00,6/17/2016 0:00,550,0.241427563,
6/17/2016 0:00,6/18/2016 0:00,1092,0.499680355,
6/18/2016 0:00,6/19/2016 0:00,8058,3.713368777,
6/19/2016 0:00,6/20/2016 0:00,2279,1.026654339,
6/20/2016 0:00,6/21/2016 0:00,3718,1.701643101,
6/21/2016 0:00,6/22/2016 0:00,585,0.259584029,
6/22/2016 0:00,6/23/2016 0:00,781,0.334844508,
6/23/2016 0:00,6/24/2016 0:00,1305,0.569053357,
6/24/2016 0:00,6/25/2016 0:00,2823,1.257778757,
6/25/2016 0:00,6/26/2016 0:00,2345,1.059171205,
6/26/2016 0:00,6/27/2016 0:00,2163,0.922955194,
6/27/2016 0:00,6/28/2016 0:00,4183,1.973071532,
6/28/2016 0:00,6/29/2016 0:00,952,0.417132695,
6/29/2016 0:00,6/30/2016 0:00,4256,1.98442368,
6/30/2016 0:00,7/1/2016 0:00,1048,0.468277758,
7/1/2016 0:00,7/2/2016 0:00,2468,1.073524368,
7/2/2016 0:00,7/3/2016 0:00,1458,0.634830092,
7/3/2016 0:00,7/4/2016 0:00,821,0.373698849,
7/4/2016 0:00,7/5/2016 0:00,272,0.115767667,
7/5/2016 0:00,7/6/2016 0:00,465,0.214310924,
7/6/2016 0:00,7/7/2016 0:00,1199,0.531913247,
7/7/2016 0:00,7/8/2016 0:00,619,0.26162834,
7/8/2016 0:00,7/9/2016 0:00,535,0.229391603,
7/9/2016 0:00,7/10/2016 0:00,2368,1.063066691,
7/10/2016 0:00,7/11/2016 0:00,1161,0.515352839,
7/11/2016 0:00,7/12/2016 0:00,2261,1.058485175,
7/12/2016 0:00,7/13/2016 0:00,493,0.192612642,
7/13/2016 0:00,7/14/2016 0:00,5493,2.440972568,
7/14/2016 0:00,7/15/2016 0:00,3631,1.600084676,
7/15/2016 0:00,7/16/2016 0:00,7196,3.093504922,
7/16/2016 0:00,7/17/2016 0:00,3246,1.467325214,
7/17/2016 0:00,7/18/2016 0:00,3213,1.503978437,
7/18/2016 0:00,7/19/2016 0:00,3521,1.531769046,
7/19/2016 0:00,7/20/2016 0:00,786,0.33061297,
7/20/2016 0:00,7/21/2016 0:00,4908,2.018473913,
7/21/2016 0:00,7/22/2016 0:00,2835,1.279012205,
7/22/2016 0:00,7/23/2016 0:00,4049,1.837942908,
7/23/2016 0:00,7/24/2016 0:00,2685,1.213226322,
7/24/2016 0:00,7/25/2016 0:00,1248,0.549826513,109.2
7/25/2016 0:00,7/26/2016 0:00,935,0.409197785,
7/26/2016 0:00,7/27/2016 0:00,6223,2.787274425,
7/27/2016 0:00,7/28/2016 0:00,2228,1.011887417,
7/28/2016 0:00,7/29/2016 0:00,805,0.342499194,
7/29/2016 0:00,7/30/2016 0:00,3574,1.550351545,
7/30/2016 0:00,7/31/2016 0:00,495,0.224072666,
7/31/2016 0:00,8/1/2016 0:00,1577,0.711041758,
8/1/2016 0:00,8/2/2016 0:00,2510,1.087849684,
8/2/2016 0:00,8/3/2016 0:00,2479,1.076180955,
8/3/2016 0:00,8/4/2016 0:00,2546,1.108685175,
8/4/2016 0:00,8/5/2016 0:00,2920,1.257157804,
8/5/2016 0:00,8/6/2016 0:00,4768,2.057132918,
8/6/2016 0:00,8/7/2016 0:00,4166,1.785206694,
8/7/2016 0:00,8/8/2016 0:00,1785,0.803459751,
8/8/2016 0:00,8/9/2016 0:00,2520,1.078933432,
8/9/2016 0:00,8/10/2016 0:00,3350,1.429326257,
8/10/2016 0:00,8/11/2016 0:00,1137,0.465928975,
8/11/2016 0:00,8/12/2016 0:00,3530,1.496632282,
8/12/2016 0:00,8/13/2016 0:00,2694,1.110901051,
8/13/2016 0:00,8/14/2016 0:00,1492,0.675997845,
8/14/2016 0:00,8/15/2016 0:00,1412,0.655885838,
8/15/2016 0:00,8/16/2016 0:00,969,0.447491682,
8/16/2016 0:00,8/17/2016 0:00,3309,1.407569573,
8/17/2016 0:00,8/18/2016 0:00,2464,1.133515269,
8/18/2016 0:00,8/19/2016 0:00,4867,2.114252946,
8/19/2016 0:00,8/20/2016 0:00,3231,1.350998841,
8/20/2016 0:00,8/21/2016 0:00,10,0.004343385,
8/21/2016 0:00,8/22/2016 0:00,1576,0.724214122,
8/22/2016 0:00,8/23/2016 0:00,3003,1.321747033,
8/23/2016 0:00,8/24/2016 0:00,2969,1.263120037,
8/24/2016 0:00,8/25/2016 0:00,3848,1.665735514,
8/25/2016 0:00,8/26/2016 0:00,2143,0.93643356,
8/26/2016 0:00,8/27/2016 0:00,4961,2.105514063,
8/27/2016 0:00,8/28/2016 0:00,21,0.009370278,
8/28/2016 0:00,8/29/2016 0:00,1438,0.659103686,
8/29/2016 0:00,8/30/2016 0:00,2857,1.270747125,
8/30/2016 0:00,8/31/2016 0:00,3222,1.416268104,
8/31/2016 0:00,9/1/2016 0:00,3202,1.384246645,
9/1/2016 0:00,9/2/2016 0:00,3234,1.411759347,
9/2/2016 0:00,9/3/2016 0:00,3394,1.498668286,
9/3/2016 0:00,9/4/2016 0:00,1115,0.499972209,
9/4/2016 0:00,9/5/2016 0:00,1260,0.570725791,
9/5/2016 0:00,9/6/2016 0:00,4543,2.060737205,
9/6/2016 0:00,9/7/2016 0:00,3324,1.460592523,
9/7/2016 0:00,9/8/2016 0:00,4021,1.796936043,
9/8/2016 0:00,9/9/2016 0:00,5155,2.224344857,
9/9/2016 0:00,9/10/2016 0:00,4141,1.82651243,109
9/10/2016 0:00,9/11/2016 0:00,3806,1.712328795,
9/11/2016 0:00,9/12/2016 0:00,780,0.337406662,
9/12/2016 0:00,9/13/2016 0:00,3759,1.658254308,
9/13/2016 0:00,9/14/2016 0:00,3901,1.744053087,
9/14/2016 0:00,9/15/2016 0:00,3294,1.489590169,
9/15/2016 0:00,9/16/2016 0:00,5484,2.396089033,
9/16/2016 0:00,9/17/2016 0:00,5192,2.288326821,
9/17/2016 0:00,9/18/2016 0:00,314,0.140764871,
9/18/2016 0:00,9/19/2016 0:00,583,0.268531774,
9/19/2016 0:00,9/20/2016 0:00,4530,2.022646968,
9/20/2016 0:00,9/21/2016 0:00,3343,1.409338776,
9/21/2016 0:00,9/22/2016 0:00,3210,1.415222701,
9/22/2016 0:00,9/23/2016 0:00,3699,1.657432166,
9/23/2016 0:00,9/24/2016 0:00,2381,0.960457667,
9/24/2016 0:00,9/25/2016 0:00,4035,1.842996304,
9/25/2016 0:00,9/26/2016 0:00,750,0.35414106,
9/26/2016 0:00,9/27/2016 0:00,3523,1.606157105,
9/27/2016 0:00,9/28/2016 0:00,3485,1.534107811,
9/28/2016 0:00,9/29/2016 0:00,4432,1.984588069,
9/29/2016 0:00,9/30/2016 0:00,2592,1.184196754,
9/30/2016 0:00,10/1/2016 0:00,10670,4.804946613,
10/1/2016 0:00,10/2/2016 0:00,6741,2.984098221,
10/2/2016 0:00,10/3/2016 0:00,5339,2.356115791,
10/3/2016 0:00,10/4/2016 0:00,9966.896711,4.225080277,
10/4/2016 0:00,10/5/2016 0:00,9118.003899,4.023916764,
10/5/2016 0:00,10/6/2016 0:00,4164.013488,1.731533842,
10/6/2016 0:00,10/7/2016 0:00,3943.085902,1.635497932,
10/7/2016 0:00,10/8/2016 0:00,12434.88304,5.32447696,
10/8/2016 0:00,10/9/2016 0:00,9783.116964,4.306178007,
10/9/2016 0:00,10/10/2016 0:00,4915,2.027552841,
10/10/2016 0:00,10/11/2016 0:00,3688,1.668992093,
10/11/2016 0:00,10/12/2016 0:00,3740,1.65087221,
10/12/2016 0:00,10/13/2016 0:00,3629,1.575429737,
10/13/2016 0:00,10/14/2016 0:00,1241,0.55008422,
10/14/2016 0:00,10/15/2016 0:00,1465,0.636774984,
10/15/2016 0:00,10/16/2016 0:00,2975.831156,1.361602134,
10/16/2016 0:00,10/17/2016 0:00,691.1688438,0.301942763,
10/17/2016 0:00,10/18/2016 0:00,1433,0.643224817,
10/18/2016 0:00,10/19/2016 0:00,4157,1.886060373,
10/19/2016 0:00,10/20/2016 0:00,1894,0.840000646,
10/20/2016 0:00,10/21/2016 0:00,3347,1.466331832,
10/21/2016 0:00,10/22/2016 0:00,1186,0.509772926,
10/22/2016 0:00,10/23/2016 0:00,472,0.200659399,
10/23/2016 0:00,10/24/2016 0:00,3023,1.320255415,
10/24/2016 0:00,10/25/2016 0:00,3437,1.536596992,
10/25/2016 0:00,10/26/2016 0:00,3359,1.470239632,
10/26/2016 0:00,10/27/2016 0:00,1755,0.770102485,
10/27/2016 0:00,10/28/2016 0:00,853,0.370697626,
10/28/2016 0:00,10/29/2016 0:00,2087,0.910166487,
10/29/2016 0:00,10/30/2016 0:00,353,0.157063996,
10/30/2016 0:00,10/31/2016 0:00,1195,0.522504822,
10/31/2016 0:00,11/1/2016 0:00,1560,0.649693291,
11/1/2016 0:00,11/2/2016 0:00,3522,1.540974991,
11/2/2016 0:00,11/3/2016 0:00,3924,1.711048639,
11/3/2016 0:00,11/4/2016 0:00,1372,0.62615575,
11/4/2016 0:00,11/5/2016 0:00,3757,1.653633183,
11/5/2016 0:00,11/6/2016 0:00,2097,0.95700345,
11/6/2016 0:00,11/7/2016 0:00,137,0.058529928,
11/7/2016 0:00,11/8/2016 0:00,4418,2.008115761,
11/8/2016 0:00,11/9/2016 0:00,3265,1.440159202,
11/9/2016 0:00,11/10/2016 0:00,1025,0.437445319,
11/10/2016 0:00,11/11/2016 0:00,3919,1.767310703,
11/11/2016 0:00,11/12/2016 0:00,1916,0.794373868,
11/12/2016 0:00,11/13/2016 0:00,502,0.223258463,
11/13/2016 0:00,11/14/2016 0:00,1289,0.556373009,
11/14/2016 0:00,11/15/2016 0:00,3398,1.50366036,
11/15/2016 0:00,11/16/2016 0:00,2299,0.987581013,
11/16/2016 0:00,11/17/2016 0:00,3479,1.495605558,
11/17/2016 0:00,11/18/2016 0:00,1073,0.43411477,
11/18/2016 0:00,11/19/2016 0:00,3418,1.497652441,
11/19/2016 0:00,11/20/2016 0:00,1010,0.42422803,
11/20/2016 0:00,11/21/2016 0:00,1529,0.682458194,
11/21/2016 0:00,11/22/2016 0:00,1677,0.727150581,
11/22/2016 0:00,11/23/2016 0:00,1106,0.505328866,
11/23/2016 0:00,11/24/2016 0:00,617,0.273421966,
11/24/2016 0:00,11/25/2016 0:00,576,0.234151306,
11/25/2016 0:00,11/26/2016 0:00,3367,1.479644154,
11/26/2016 0:00,11/27/2016 0:00,293,0.131324688,
11/27/2016 0:00,11/28/2016 0:00,1283,0.582187525,
11/28/2016 0:00,11/29/2016 0:00,1316,0.573164071,
11/29/2016 0:00,11/30/2016 0:00,2067,0.913379318,
11/30/2016 0:00,12/1/2016 0:00,991,0.415274795,
12/1/2016 0:00,12/2/2016 0:00,1175,0.508265958,
12/2/2016 0:00,12/3/2016 0:00,1749,0.754698809,
12/3/2016 0:00,12/4/2016 0:00,2946,1.319823481,
12/4/2016 0:00,12/5/2016 0:00,1287,0.565333824,
12/5/2016 0:00,12/6/2016 0:00,3120,1.413807886,
12/6/2016 0:00,12/7/2016 0:00,659,0.283227203,
12/7/2016 0:00,12/8/2016 0:00,717,0.317427474,
12/8/2016 0:00,12/9/2016 0:00,396,0.17019357,
12/9/2016 0:00,12/10/2016 0:00,850,0.360577012,
12/10/2016 0:00,12/11/2016 0:00,4853,2.225103167,
12/11/2016 0:00,12/12/2016 0:00,1466,0.606432207,
12/12/2016 0:00,12/13/2016 0:00,855,0.363328164,
12/13/2016 0:00,12/14/2016 0:00,689,0.299625189,
12/14/2016 0:00,12/15/2016 0:00,1031,0.449419142,
12/15/2016 0:00,12/16/2016 0:00,622,0.271532997,
12/16/2016 0:00,12/17/2016 0:00,1702,0.730739671,
12/17/2016 0:00,12/18/2016 0:00,347,0.144313459,
12/18/2016 0:00,12/19/2016 0:00,1039,0.461574978,
12/19/2016 0:00,12/20/2016 0:00,899,0.393657291,
12/20/2016 0:00,12/21/2016 0:00,718,0.305416368,
12/21/2016 0:00,12/22/2016 0:00,2279,0.980155227,
12/22/2016 0:00,12/23/2016 0:00,568,0.233436729,
12/23/2016 0:00,12/24/2016 0:00,2199,1.015570771,
12/24/2016 0:00,12/25/2016 0:00,56,0.021915762,
12/25/2016 0:00,12/26/2016 0:00,865,0.384367792,
12/26/2016 0:00,12/27/2016 0:00,2243,1.001833875,
12/27/2016 0:00,12/28/2016 0:00,1986,0.819893074,
12/28/2016 0:00,12/29/2016 0:00,670,0.298177394,
12/29/2016 0:00,12/30/2016 0:00,1016,0.451500736,
12/30/2016 0:00,12/31/2016 0:00,1404,0.61916661,
12/31/2016 0:00,1/1/2017 0:00,646.8381337,0.270643388,
1/1/2017 0:00,1/2/2017 0:00,1659.161866,0.766425817,
1/2/2017 0:00,1/3/2017 0:00,25,0.011004484,
1/3/2017 0:00,1/4/2017 0:00,1271,0.554648354,
1/4/2017 0:00,1/5/2017 0:00,762,0.351658813,
1/5/2017 0:00,1/6/2017 0:00,657,0.283196135,
1/6/2017 0:00,1/7/2017 0:00,1297,0.563701732,
1/7/2017 0:00,1/8/2017 0:00,2156,0.959794798,
1/8/2017 0:00,1/9/2017 0:00,815,0.340865595,
1/9/2017 0:00,1/10/2017 0:00,968,0.430330619,
1/10/2017 0:00,1/11/2017 0:00,901,0.385846656,111.2
1/11/2017 0:00,1/12/2017 0:00,2131,0.930762179,
1/12/2017 0:00,1/13/2017 0:00,1548,0.684949893,
1/13/2017 0:00,1/14/2017 0:00,1756,0.764006949,
1/14/2017 0:00,1/15/2017 0:00,853,0.372014933,108.6
1/15/2017 0:00,1/16/2017 0:00,771,0.339184757,
1/16/2017 0:00,1/17/2017 0:00,1401,0.640975453,
1/17/2017 0:00,1/18/2017 0:00,1138,0.50657615,
1/18/2017 0:00,1/19/2017 0:00,744,0.334552464,
1/19/2017 0:00,1/20/2017 0:00,1502,0.668662342,
1/20/2017 0:00,1/21/2017 0:00,926,0.417486877,
1/21/2017 0:00,1/22/2017 0:00,1540,0.703828428,
1/22/2017 0:00,1/23/2017 0:00,2316,1.038972019,108.4
1/23/2017 0:00,1/24/2017 0:00,2096,0.920172717,
1/24/2017 0:00,1/25/2017 0:00,1482,0.677521576,
1/25/2017 0:00,1/26/2017 0:00,3488,1.341757884,
1/26/2017 0:00,1/27/2017 0:00,2582,1.058232423,
1/27/2017 0:00,1/28/2017 0:00,37,0.016224002,
1/28/2017 0:00,1/29/2017 0:00,132,0.057259355,
1/29/2017 0:00,1/30/2017 0:00,162,0.069773771,
1/30/2017 0:00,1/31/2017 0:00,1331,0.502285403,
1/31/2017 0:00,2/1/2017 0:00,69,0.030266991,
2/1/2017 0:00,2/2/2017 0:00,178,0.077031387,
2/2/2017 0:00,2/3/2017 0:00,176,0.076577786,
2/3/2017 0:00,2/4/2017 0:00,139,0.059017836,
2/4/2017 0:00,2/5/2017 0:00,30,0.011395948,
2/5/2017 0:00,2/6/2017 0:00,88,0.038288893,
2/6/2017 0:00,2/7/2017 0:00,47,0.020511463,
2/7/2017 0:00,2/8/2017 0:00,34,0.014453094,
2/8/2017 0:00,2/9/2017 0:00,127,0.056606916,
2/9/2017 0:00,2/10/2017 0:00,1776,0.701428657,
2/10/2017 0:00,2/11/2017 0:00,6740.434066,2.735362793,
2/11/2017 0:00,2/12/2017 0:00,1378.565934,0.594281918,109.4
2/12/2017 0:00,2/13/2017 0:00,2334,1.055254567,
2/13/2017 0:00,2/14/2017 0:00,974,0.437066283,
2/14/2017 0:00,2/15/2017 0:00,690,0.300917641,
2/15/2017 0:00,2/16/2017 0:00,1658,0.6669412,
2/16/2017 0:00,2/17/2017 0:00,550,0.224054024,
2/17/2017 0:00,2/18/2017 0:00,699,0.297997196,
2/18/2017 0:00,2/19/2017 0:00,928,0.398361314,
2/19/2017 0:00,2/20/2017 0:00,1321,0.566574505,
2/20/2017 0:00,2/21/2017 0:00,304,0.124050545,107
2/21/2017 0:00,2/22/2017 0:00,77,0.030093007,
2/22/2017 0:00,2/23/2017 0:00,1551,0.713404611,
2/23/2017 0:00,2/24/2017 0:00,169,0.074322208,
2/24/2017 0:00,2/25/2017 0:00,1026,0.451471953,
2/25/2017 0:00,2/26/2017 0:00,1043.964129,0.475996363,
2/26/2017 0:00,2/27/2017 0:00,399.0358713,0.178434493,
2/27/2017 0:00,2/28/2017 0:00,373,0.172009009,
2/28/2017 0:00,3/1/2017 0:00,63,0.029117454,
3/1/2017 0:00,3/2/2017 0:00,116,0.054425903,
3/2/2017 0:00,3/3/2017 0:00,44,0.018908325,
3/3/2017 0:00,3/4/2017 0:00,616,0.283654466,
3/4/2017 0:00,3/5/2017 0:00,747,0.339665211,
3/5/2017 0:00,3/6/2017 0:00,3014,1.362098056,
3/6/2017 0:00,3/7/2017 0:00,414,0.179470641,
3/7/2017 0:00,3/8/2017 0:00,65,0.025991957,
3/8/2017 0:00,3/9/2017 0:00,893,0.399299731,
3/9/2017 0:00,3/10/2017 0:00,501,0.213074396,
3/10/2017 0:00,3/11/2017 0:00,484,0.2066867,
3/11/2017 0:00,3/12/2017 0:00,1887,0.82401257,
3/12/2017 0:00,3/13/2017 0:00,1016,0.440490038,
3/13/2017 0:00,3/14/2017 0:00,110,0.047118578,
3/14/2017 0:00,3/15/2017 0:00,86,0.037269844,
3/15/2017 0:00,3/16/2017 0:00,683,0.305585108,
3/16/2017 0:00,3/17/2017 0:00,2798,1.250633242,
3/17/2017 0:00,3/18/2017 0:00,182,0.079423666,
3/18/2017 0:00,3/19/2017 0:00,261,0.121105245,
3/19/2017 0:00,3/20/2017 0:00,1512,0.676306587,
3/20/2017 0:00,3/21/2017 0:00,2375,1.037958289,
3/21/2017 0:00,3/22/2017 0:00,601,0.292703324,
3/22/2017 0:00,3/23/2017 0:00,288,0.120701354,
3/23/2017 0:00,3/24/2017 0:00,1141,0.507154491,
3/24/2017 0:00,3/25/2017 0:00,1333,0.623110086,
3/25/2017 0:00,3/26/2017 0:00,390,0.173184974,
3/26/2017 0:00,3/27/2017 0:00,1449,0.635345145,
3/27/2017 0:00,3/28/2017 0:00,150,0.064355414,
3/28/2017 0:00,3/29/2017 0:00,507,0.229364718,
3/29/2017 0:00,3/30/2017 0:00,769,0.340132994,
3/30/2017 0:00,3/31/2017 0:00,462,0.204976121,
3/31/2017 0:00,4/1/2017 0:00,2422,1.01617802,
4/1/2017 0:00,4/2/2017 0:00,966,0.438670118,
4/2/2017 0:00,4/3/2017 0:00,345,0.154249185,
4/3/2017 0:00,4/4/2017 0:00,469,0.205102203,
4/4/2017 0:00,4/5/2017 0:00,2062,0.929094582,
4/5/2017 0:00,4/6/2017 0:00,1483,0.658864874,
4/6/2017 0:00,4/7/2017 0:00,602,0.271504674,107.6
4/7/2017 0:00,4/8/2017 0:00,245,0.106614869,
4/8/2017 0:00,4/9/2017 0:00,1693,0.74924317,
4/9/2017 0:00,4/10/2017 0:00,2614,1.161304791,
4/10/2017 0:00,4/11/2017 0:00,528,0.233523721,
4/11/2017 0:00,4/12/2017 0:00,80,0.036486916,
4/12/2017 0:00,4/13/2017 0:00,2169,1.003180707,
4/13/2017 0:00,4/14/2017 0:00,244,0.11056679,
4/14/2017 0:00,4/15/2017 0:00,808,0.351071859,
4/15/2017 0:00,4/16/2017 0:00,2006,0.918786201,
4/16/2017 0:00,4/17/2017 0:00,97,0.038077627,
4/17/2017 0:00,4/18/2017 0:00,1810,0.827538151,
4/18/2017 0:00,4/19/2017 0:00,115,0.050610684,
4/19/2017 0:00,4/20/2017 0:00,3615,1.573453465,
4/20/2017 0:00,4/21/2017 0:00,1589,0.70892785,
4/21/2017 0:00,4/22/2017 0:00,657,0.277030792,
4/22/2017 0:00,4/23/2017 0:00,3257,1.454521247,
4/23/2017 0:00,4/24/2017 0:00,2296,1.059781838,
4/24/2017 0:00,4/25/2017 0:00,265,0.123596944,
4/25/2017 0:00,4/26/2017 0:00,973,0.43340023,
4/26/2017 0:00,4/27/2017 0:00,1462,0.655615368,
4/27/2017 0:00,4/28/2017 0:00,213,0.091385061,
4/28/2017 0:00,4/29/2017 0:00,162,0.071053796,
4/29/2017 0:00,4/30/2017 0:00,1063,0.494033487,
4/30/2017 0:00,5/1/2017 0:00,974,0.38811359,
5/1/2017 0:00,5/2/2017 0:00,1122,0.43047505,
5/2/2017 0:00,5/3/2017 0:00,1276,0.603381607,107.6
5/3/2017 0:00,5/4/2017 0:00,767,0.349336556,
5/4/2017 0:00,5/5/2017 0:00,1060,0.488937029,
5/5/2017 0:00,5/6/2017 0:00,496,0.223043034,
5/6/2017 0:00,5/7/2017 0:00,1094,0.478507013,
5/7/2017 0:00,5/8/2017 0:00,1796,0.774896895,
5/8/2017 0:00,5/9/2017 0:00,165,0.071936143,
5/9/2017 0:00,5/10/2017 0:00,1567,0.712944567,
5/10/2017 0:00,5/11/2017 0:00,3265,1.412206175,
5/11/2017 0:00,5/12/2017 0:00,244,0.104254162,
5/12/2017 0:00,5/13/2017 0:00,1778,0.778566187,
5/13/2017 0:00,5/14/2017 0:00,1545,0.632394317,
5/14/2017 0:00,5/15/2017 0:00,570,0.268220534,107.4
5/15/2017 0:00,5/16/2017 0:00,494,0.222242428,
5/16/2017 0:00,5/17/2017 0:00,1190,0.554542326,
5/17/2017 0:00,5/18/2017 0:00,982,0.460047851,
5/18/2017 0:00,5/19/2017 0:00,828,0.374459968,
5/19/2017 0:00,5/20/2017 0:00,810,0.352967602,
5/20/2017 0:00,5/21/2017 0:00,1053,0.440865555,
5/21/2017 0:00,5/22/2017 0:00,1282,0.515028296,
5/22/2017 0:00,5/23/2017 0:00,2728,1.20541816,
5/23/2017 0:00,5/24/2017 0:00,506,0.220949101,
5/24/2017 0:00,5/25/2017 0:00,250,0.10860071,
5/25/2017 0:00,5/26/2017 0:00,183,0.080908743,
5/26/2017 0:00,5/27/2017 0:00,2156,0.931899774,
5/27/2017 0:00,5/28/2017 0:00,1512,0.680637577,
5/28/2017 0:00,5/29/2017 0:00,768,0.342963901,
5/29/2017 0:00,5/30/2017 0:00,2782,1.133138953,
5/30/2017 0:00,5/31/2017 0:00,1003,0.441154905,
5/31/2017 0:00,6/1/2017 0:00,101,0.048864631,
6/1/2017 0:00,6/2/2017 0:00,190,0.090788545,
6/2/2017 0:00,6/3/2017 0:00,1207.126336,0.524910659,
6/3/2017 0:00,6/4/2017 0:00,1698.873664,0.626948201,
6/4/2017 0:00,6/5/2017 0:00,319,0.13967803,
6/5/2017 0:00,6/6/2017 0:00,257,0.117420514,
6/6/2017 0:00,6/7/2017 0:00,3324,1.230466283,
6/7/2017 0:00,6/8/2017 0:00,205.2374961,0.092050455,
6/8/2017 0:00,6/9/2017 0:00,233.7625039,0.099516384,
6/9/2017 0:00,6/10/2017 0:00,1098.742208,0.436458764,
6/10/2017 0:00,6/11/2017 0:00,1350.257792,0.606396644,
6/11/2017 0:00,6/12/2017 0:00,740,0.331296479,
6/12/2017 0:00,6/13/2017 0:00,219,0.097946741,
6/13/2017 0:00,6/14/2017 0:00,608,0.269478434,
6/14/2017 0:00,6/15/2017 0:00,733,0.332284459,
6/15/2017 0:00,6/16/2017 0:00,585,0.262560397,
6/16/2017 0:00,6/17/2017 0:00,239,0.105154647,
6/17/2017 0:00,6/18/2017 0:00,3967.13384,1.778010662,
6/18/2017 0:00,6/19/2017 0:00,1309.86616,0.59947134,
6/19/2017 0:00,6/20/2017 0:00,112,0.044633093,
6/20/2017 0:00,6/21/2017 0:00,141,0.063286656,
6/21/2017 0:00,6/22/2017 0:00,1720,0.779234292,
6/22/2017 0:00,6/23/2017 0:00,2683,1.184606514,
6/23/2017 0:00,6/24/2017 0:00,889,0.404027977,
6/24/2017 0:00,6/25/2017 0:00,1824,0.821410011,
6/25/2017 0:00,6/26/2017 0:00,1200,0.482886195,
6/26/2017 0:00,6/27/2017 0:00,371,0.174387825,
6/27/2017 0:00,6/28/2017 0:00,342,0.153938499,
6/28/2017 0:00,6/29/2017 0:00,1095,0.455225884,
6/29/2017 0:00,6/30/2017 0:00,530,0.257704161,
6/30/2017 0:00,7/1/2017 0:00,1420,0.621849238,
7/1/2017 0:00,7/2/2017 0:00,2482,0.972905731,
7/2/2017 0:00,7/3/2017 0:00,178,0.080374364,
7/3/2017 0:00,7/4/2017 0:00,2831,1.209846994,
7/4/2017 0:00,7/5/2017 0:00,1247,0.587573109,
7/5/2017 0:00,7/6/2017 0:00,1347,0.573910861,
7/6/2017 0:00,7/7/2017 0:00,475,0.211036298,
7/7/2017 0:00,7/8/2017 0:00,1012,0.417076772,
7/8/2017 0:00,7/9/2017 0:00,1570,0.683899775,
7/9/2017 0:00,7/10/2017 0:00,1079,0.456421243,
7/10/2017 0:00,7/11/2017 0:00,492,0.22742807,
7/11/2017 0:00,7/12/2017 0:00,241,0.10706847,
7/12/2017 0:00,7/13/2017 0:00,1483,0.577670156,
7/13/2017 0:00,7/14/2017 0:00,1640,0.72322329,
7/14/2017 0:00,7/15/2017 0:00,228,0.096716426,
7/15/2017 0:00,7/16/2017 0:00,1713,0.721150978,
7/16/2017 0:00,7/17/2017 0:00,606,0.279882819,
7/17/2017 0:00,7/18/2017 0:00,1043,0.470366016,
7/18/2017 0:00,7/19/2017 0:00,348,0.158629852,
7/19/2017 0:00,7/20/2017 0:00,737,0.344761592,
7/20/2017 0:00,7/21/2017 0:00,2218,1.002781257,
7/21/2017 0:00,7/22/2017 0:00,798,0.348197775,
7/22/2017 0:00,7/23/2017 0:00,4153,1.627541795,
7/23/2017 0:00,7/24/2017 0:00,2017,0.77118737,
7/24/2017 0:00,7/25/2017 0:00,272,0.123820637,
7/25/2017 0:00,7/26/2017 0:00,1959,0.770506492,
7/26/2017 0:00,7/27/2017 0:00,399,0.180794162,
7/27/2017 0:00,7/28/2017 0:00,738,0.338313621,
7/28/2017 0:00,7/29/2017 0:00,1033,0.437288747,
7/29/2017 0:00,7/30/2017 0:00,4470,1.950753359,
7/30/2017 0:00,7/31/2017 0:00,1625,0.713818798,
7/31/2017 0:00,8/1/2017 0:00,1857,0.825963884,
8/1/2017 0:00,8/2/2017 0:00,3913,1.821443655,106.2
8/2/2017 0:00,8/3/2017 0:00,1562,0.631269635,
8/3/2017 0:00,8/4/2017 0:00,1008,0.374879454,
8/4/2017 0:00,8/5/2017 0:00,229,0.1005565,
8/5/2017 0:00,8/6/2017 0:00,2678,1.182885698,
8/6/2017 0:00,8/7/2017 0:00,794,0.358792154,
8/7/2017 0:00,8/8/2017 0:00,1517,0.679463185,
8/8/2017 0:00,8/9/2017 0:00,184,0.079989114,
8/9/2017 0:00,8/10/2017 0:00,690,0.306913873,
8/10/2017 0:00,8/11/2017 0:00,1170,0.518136582,
8/11/2017 0:00,8/12/2017 0:00,1808,0.662189066,
8/12/2017 0:00,8/13/2017 0:00,1018,0.441558797,
8/13/2017 0:00,8/14/2017 0:00,740,0.326431142,
8/14/2017 0:00,8/15/2017 0:00,175,0.069848336,
8/15/2017 0:00,8/16/2017 0:00,607,0.250804054,
8/16/2017 0:00,8/17/2017 0:00,594,0.27245884,
8/17/2017 0:00,8/18/2017 0:00,1239,0.544072616,
8/18/2017 0:00,8/19/2017 0:00,2787.377298,1.224035451,
8/19/2017 0:00,8/20/2017 0:00,2448.622702,0.997173937,
8/20/2017 0:00,8/21/2017 0:00,344,0.14848286,
8/21/2017 0:00,8/22/2017 0:00,7078,3.287635569,
8/22/2017 0:00,8/23/2017 0:00,1151,0.446685109,
8/23/2017 0:00,8/24/2017 0:00,3647,1.705221318,
8/24/2017 0:00,8/25/2017 0:00,543,0.245311133,
8/25/2017 0:00,8/26/2017 0:00,261,0.109659588,
8/26/2017 0:00,8/27/2017 0:00,1677.775198,0.743786038,
8/27/2017 0:00,8/28/2017 0:00,2427.224802,1.0096525,
8/28/2017 0:00,8/29/2017 0:00,1318,0.567641225,
8/29/2017 0:00,8/30/2017 0:00,710,0.322423298,104.2
8/30/2017 0:00,8/31/2017 0:00,4211,1.860439573,
8/31/2017 0:00,9/1/2017 0:00,1095,0.508896793,
9/1/2017 0:00,9/2/2017 0:00,208,0.100084258,
9/2/2017 0:00,9/3/2017 0:00,1934,0.811100672,
9/3/2017 0:00,9/4/2017 0:00,578,0.266412899,
9/4/2017 0:00,9/5/2017 0:00,1430,0.537088404,
9/5/2017 0:00,9/6/2017 0:00,4706,2.124480844,
9/6/2017 0:00,9/7/2017 0:00,5466,2.533810002,
9/7/2017 0:00,9/8/2017 0:00,252,0.115419699,103.8
9/8/2017 0:00,9/9/2017 0:00,735,0.345345681,
9/9/2017 0:00,9/10/2017 0:00,1550,0.610180297,
9/10/2017 0:00,9/11/2017 0:00,189,0.088358984,
9/11/2017 0:00,9/12/2017 0:00,729,0.333216516,
9/12/2017 0:00,9/13/2017 0:00,2202,1.039939255,
9/13/2017 0:00,9/14/2017 0:00,5754,2.682931773,
9/14/2017 0:00,9/15/2017 0:00,1015,0.474733805,
9/15/2017 0:00,9/16/2017 0:00,1305,0.592651416,
9/16/2017 0:00,9/17/2017 0:00,1586,0.616592848,
9/17/2017 0:00,9/18/2017 0:00,481.1608358,0.222640903,
9/18/2017 0:00,9/19/2017 0:00,1860.839164,0.864919464,
9/19/2017 0:00,9/20/2017 0:00,3550,1.721925207,
9/20/2017 0:00,9/21/2017 0:00,6638,3.059619323,
9/21/2017 0:00,9/22/2017 0:00,2050,0.895078989,
9/22/2017 0:00,9/23/2017 0:00,777,0.33165066,
9/23/2017 0:00,9/24/2017 0:00,1417,0.614206782,
9/24/2017 0:00,9/25/2017 0:00,118,0.047249065,
9/25/2017 0:00,9/26/2017 0:00,801,0.356996391,
9/26/2017 0:00,9/27/2017 0:00,2173,1.017103863,
9/27/2017 0:00,9/28/2017 0:00,6182,2.892342924,
9/28/2017 0:00,9/29/2017 0:00,97,0.043663754,
9/29/2017 0:00,9/30/2017 0:00,167,0.07368841,
9/30/2017 0:00,10/1/2017 0:00,28,0.012781605,
10/1/2017 0:00,10/2/2017 0:00,188,0.086115834,
10/2/2017 0:00,10/3/2017 0:00,842,0.373798268,
10/3/2017 0:00,10/4/2017 0:00,2319,1.094327875,
10/4/2017 0:00,10/5/2017 0:00,6909,3.244719588,
10/5/2017 0:00,10/6/2017 0:00,155,0.067928299,
10/6/2017 0:00,10/7/2017 0:00,526.2682139,0.228619239,
10/7/2017 0:00,10/8/2017 0:00,2014.731786,0.846800311,
10/8/2017 0:00,10/9/2017 0:00,172,0.075210769,
10/9/2017 0:00,10/10/2017 0:00,265,0.110019983,
10/10/2017 0:00,10/11/2017 0:00,1132,0.5245623,
10/11/2017 0:00,10/12/2017 0:00,5715.954712,2.706109223,
10/12/2017 0:00,10/13/2017 0:00,953.0452877,0.429982253,
10/13/2017 0:00,10/14/2017 0:00,277,0.117606926,
10/14/2017 0:00,10/15/2017 0:00,1079,0.492660363,
10/15/2017 0:00,10/16/2017 0:00,1119,0.436084516,
10/16/2017 0:00,10/17/2017 0:00,838,0.389438181,
10/17/2017 0:00,10/18/2017 0:00,1802.983196,0.854501833,
10/18/2017 0:00,10/19/2017 0:00,6828.016804,3.231336451,
10/19/2017 0:00,10/20/2017 0:00,1112,0.46377903,
10/20/2017 0:00,10/21/2017 0:00,5288,2.349211853,
10/21/2017 0:00,10/22/2017 0:00,1580,0.716111658,
10/22/2017 0:00,10/23/2017 0:00,560,0.244372862,
10/23/2017 0:00,10/24/2017 0:00,207,0.092074783,
10/24/2017 0:00,10/25/2017 0:00,2348,1.064377784,
10/25/2017 0:00,10/26/2017 0:00,7518,3.442440325,
10/26/2017 0:00,10/27/2017 0:00,1271,0.573699594,
10/27/2017 0:00,10/28/2017 0:00,63,0.02735276,
10/28/2017 0:00,10/29/2017 0:00,236,0.108081305,
10/29/2017 0:00,10/30/2017 0:00,1124,0.47624995,
10/30/2017 0:00,10/31/2017 0:00,790,0.346538714,
10/31/2017 0:00,11/1/2017 0:00,2425,1.092364342,
11/1/2017 0:00,11/2/2017 0:00,5982,2.486499129,
11/2/2017 0:00,11/3/2017 0:00,281,0.121676907,
11/3/2017 0:00,11/4/2017 0:00,85,0.036604977,
11/4/2017 0:00,11/5/2017 0:00,237,0.102408186,
11/5/2017 0:00,11/6/2017 0:00,1628,0.693649089,
11/6/2017 0:00,11/7/2017 0:00,6236,2.716833976,
11/7/2017 0:00,11/8/2017 0:00,2389,0.947684274,
11/8/2017 0:00,11/9/2017 0:00,7390,3.301568165,
11/9/2017 0:00,11/10/2017 0:00,107,0.045807484,
11/10/2017 0:00,11/11/2017 0:00,144,0.060409707,
11/11/2017 0:00,11/12/2017 0:00,383,0.157517597,
11/12/2017 0:00,11/13/2017 0:00,127,0.052418874,
11/13/2017 0:00,11/14/2017 0:00,796,0.320478406,
11/14/2017 0:00,11/15/2017 0:00,1808,0.844505587,
11/15/2017 0:00,11/16/2017 0:00,6182,2.806740269,
11/16/2017 0:00,11/17/2017 0:00,2566,1.159590492,
11/17/2017 0:00,11/18/2017 0:00,1573,0.691915464,
11/18/2017 0:00,11/19/2017 0:00,3516,1.610283445,
11/19/2017 0:00,11/20/2017 0:00,589,0.251760966,
11/20/2017 0:00,11/21/2017 0:00,642,0.271825042,
11/21/2017 0:00,11/22/2017 0:00,2736,1.248378221,
11/22/2017 0:00,11/23/2017 0:00,135,0.058446174,
11/23/2017 0:00,11/24/2017 0:00,152,0.066318947,
11/24/2017 0:00,11/25/2017 0:00,957,0.409769446,
11/25/2017 0:00,11/26/2017 0:00,136,0.056290016,
11/26/2017 0:00,11/27/2017 0:00,184,0.077727322,
11/27/2017 0:00,11/28/2017 0:00,953,0.433306987,
11/28/2017 0:00,11/29/2017 0:00,2134,1.00911303,
11/29/2017 0:00,11/30/2017 0:00,4721,2.14185437,
11/30/2017 0:00,12/1/2017 0:00,2780,1.166810825,
12/1/2017 0:00,12/2/2017 0:00,2514,1.155010986,
12/2/2017 0:00,12/3/2017 0:00,539,0.252077865,
12/3/2017 0:00,12/4/2017 0:00,111,0.046596626,
12/4/2017 0:00,12/5/2017 0:00,357,0.16025163,
12/5/2017 0:00,12/6/2017 0:00,2309,0.995635489,
12/6/2017 0:00,12/7/2017 0:00,5049,2.231679492,
12/7/2017 0:00,12/8/2017 0:00,244,0.107727124,
12/8/2017 0:00,12/9/2017 0:00,515,0.237736618,
12/9/2017 0:00,12/10/2017 0:00,157,0.068201702,
12/10/2017 0:00,12/11/2017 0:00,246,0.107913535,
12/11/2017 0:00,12/12/2017 0:00,90,0.039326583,
12/12/2017 0:00,12/13/2017 0:00,2068,0.894383053,
12/13/2017 0:00,12/14/2017 0:00,2551,1.086429672,
12/14/2017 0:00,12/15/2017 0:00,268,0.113226259,
12/15/2017 0:00,12/16/2017 0:00,362,0.162824107,
12/16/2017 0:00,12/17/2017 0:00,281,0.123224121,
12/17/2017 0:00,12/18/2017 0:00,2873,1.209318828,
12/18/2017 0:00,12/19/2017 0:00,238,0.101674968,
12/19/2017 0:00,12/20/2017 0:00,267,0.116401465,
12/20/2017 0:00,12/21/2017 0:00,365,0.162469926,
12/21/2017 0:00,12/22/2017 0:00,148,0.067257218,
12/22/2017 0:00,12/23/2017 0:00,1830,0.824658991,
12/23/2017 0:00,12/24/2017 0:00,528.2412656,0.22131139,
12/24/2017 0:00,12/25/2017 0:00,118.7587344,0.052185141,
12/25/2017 0:00,12/26/2017 0:00,462,0.203157311,
12/26/2017 0:00,12/27/2017 0:00,160,0.068972202,
12/27/2017 0:00,12/28/2017 0:00,739,0.324685089,
12/28/2017 0:00,12/29/2017 0:00,906,0.397578144,
12/29/2017 0:00,12/30/2017 0:00,1655,0.762223614,
12/30/2017 0:00,12/31/2017 0:00,1244,0.539623598,
12/31/2017 0:00,1/1/2018 0:00,1325,0.588923189,
1/1/2018 0:00,1/2/2018 0:00,517,0.223600424,
1/2/2018 0:00,1/3/2018 0:00,2011,0.908736728,
1/3/2018 0:00,1/4/2018 0:00,159,0.070463493,
1/4/2018 0:00,1/5/2018 0:00,427,0.189263451,103.4
1/5/2018 0:00,1/6/2018 0:00,180,0.083953462,
1/6/2018 0:00,1/7/2018 0:00,2487,1.084149815,
1/7/2018 0:00,1/8/2018 0:00,528,0.247019904,
1/8/2018 0:00,1/9/2018 0:00,2741.077072,1.133233888,
1/9/2018 0:00,1/10/2018 0:00,97.92292779,0.040809697,
1/10/2018 0:00,1/11/2018 0:00,2161,0.988415155,
1/11/2018 0:00,1/12/2018 0:00,2634,1.124302822,
1/12/2018 0:00,1/13/2018 0:00,237,0.10530999,
1/13/2018 0:00,1/14/2018 0:00,291,0.12872947,
1/14/2018 0:00,1/15/2018 0:00,1436,0.632524805,
1/15/2018 0:00,1/16/2018 0:00,186.4825184,0.077667156,
1/16/2018 0:00,1/17/2018 0:00,241.5174816,0.114591305,
1/17/2018 0:00,1/18/2018 0:00,236,0.103657142,
1/18/2018 0:00,1/19/2018 0:00,4163,1.757803179,
1/19/2018 0:00,1/20/2018 0:00,399,0.174345834,
1/20/2018 0:00,1/21/2018 0:00,1336.502289,0.606960891,
1/21/2018 0:00,1/22/2018 0:00,396.497711,0.148017535,
1/22/2018 0:00,1/23/2018 0:00,1151,0.478418536,
1/23/2018 0:00,1/24/2018 0:00,554,0.238625179,
1/24/2018 0:00,1/25/2018 0:00,237.1915706,0.110602005,
1/25/2018 0:00,1/26/2018 0:00,4431.808429,1.924090391,
1/26/2018 0:00,1/27/2018 0:00,1825,0.824429084,
1/27/2018 0:00,1/28/2018 0:00,2285,0.906033763,
1/28/2018 0:00,1/29/2018 0:00,1271,0.557935407,
1/29/2018 0:00,1/30/2018 0:00,1083,0.474851865,
1/30/2018 0:00,1/31/2018 0:00,87,0.039028325,
1/31/2018 0:00,2/1/2018 0:00,105,0.04387502,
2/1/2018 0:00,2/2/2018 0:00,1920,0.826274557,
2/2/2018 0:00,2/3/2018 0:00,855,0.355138491,
2/3/2018 0:00,2/4/2018 0:00,3635,1.48136135,
2/4/2018 0:00,2/5/2018 0:00,1987.339356,0.817254829,
2/5/2018 0:00,2/6/2018 0:00,1008.660644,0.435460563,
2/6/2018 0:00,2/7/2018 0:00,127,0.049113179,
2/7/2018 0:00,2/8/2018 0:00,335,0.14776207,
2/8/2018 0:00,2/9/2018 0:00,3465,1.431993408,
2/9/2018 0:00,2/10/2018 0:00,3003,1.267326328,
2/10/2018 0:00,2/11/2018 0:00,181,0.080448928,
2/11/2018 0:00,2/12/2018 0:00,1529,0.688970164,
2/12/2018 0:00,2/13/2018 0:00,926,0.399336624,
2/13/2018 0:00,2/14/2018 0:00,176,0.080734759,
2/14/2018 0:00,2/15/2018 0:00,255,0.110840193,
2/15/2018 0:00,2/16/2018 0:00,4959,2.412864274,
2/16/2018 0:00,2/17/2018 0:00,5371,2.252855118,
2/17/2018 0:00,2/18/2018 0:00,197,0.088439762,
2/18/2018 0:00,2/19/2018 0:00,2407,1.091365694,
2/19/2018 0:00,2/20/2018 0:00,1011,0.432405999,
2/20/2018 0:00,2/21/2018 0:00,474.4353933,0.214782144,
2/21/2018 0:00,2/22/2018 0:00,1711.564607,0.73027373,
2/22/2018 0:00,2/23/2018 0:00,5264,2.250040384,
2/23/2018 0:00,2/24/2018 0:00,3224,1.329422137,
2/24/2018 0:00,2/25/2018 0:00,201,0.087184592,
2/25/2018 0:00,2/26/2018 0:00,1910,0.867166995,
2/26/2018 0:00,2/27/2018 0:00,3674.117987,1.602293536,
2/27/2018 0:00,2/28/2018 0:00,231.8820127,0.107266384,
2/28/2018 0:00,3/1/2018 0:00,217,0.094268224,
3/1/2018 0:00,3/2/2018 0:00,5243,2.293963634,
3/2/2018 0:00,3/3/2018 0:00,478,0.207370208,
3/3/2018 0:00,3/4/2018 0:00,1521,0.693170634,
3/4/2018 0:00,3/5/2018 0:00,1611,0.671621481,
3/5/2018 0:00,3/6/2018 0:00,859,0.384541776,
3/6/2018 0:00,3/7/2018 0:00,331,0.155100463,
3/7/2018 0:00,3/8/2018 0:00,247,0.106366321,
3/8/2018 0:00,3/9/2018 0:00,335,0.146165146,
3/9/2018 0:00,3/10/2018 0:00,370.2901206,0.177030569,
3/10/2018 0:00,3/11/2018 0:00,1274.709879,0.55552257,
3/11/2018 0:00,3/12/2018 0:00,186,0.079591436,
3/12/2018 0:00,3/13/2018 0:00,2226.778573,0.951576983,
3/13/2018 0:00,3/14/2018 0:00,211.2214271,0.090667558,
3/14/2018 0:00,3/15/2018 0:00,81,0.034038714,
3/15/2018 0:00,3/16/2018 0:00,4082,1.865159161,
3/16/2018 0:00,3/17/2018 0:00,1458,0.632767143,
3/17/2018 0:00,3/18/2018 0:00,1458,0.666905273,
3/18/2018 0:00,3/19/2018 0:00,1484,0.631269635,
3/19/2018 0:00,3/20/2018 0:00,682,0.305273453,
3/20/2018 0:00,3/21/2018 0:00,97,0.040407769,
3/21/2018 0:00,3/22/2018 0:00,80,0.035598356,
3/22/2018 0:00,3/23/2018 0:00,7710,3.564874881,
3/23/2018 0:00,3/24/2018 0:00,749,0.333657689,
3/24/2018 0:00,3/25/2018 0:00,1548.36549,0.70132104,
3/25/2018 0:00,3/26/2018 0:00,2001.63451,0.858712117,
3/26/2018 0:00,3/27/2018 0:00,2224,0.915559383,
3/27/2018 0:00,3/28/2018 0:00,137,0.057346347,
3/28/2018 0:00,3/29/2018 0:00,699.585713,0.296183179,
3/29/2018 0:00,3/30/2018 0:00,4203.414287,1.814160579,
3/30/2018 0:00,3/31/2018 0:00,69,0.031180406,
3/31/2018 0:00,4/1/2018 0:00,254,0.112654597,
4/1/2018 0:00,4/2/2018 0:00,294,0.123391891,
4/2/2018 0:00,4/3/2018 0:00,2223,0.943365744,
4/3/2018 0:00,4/4/2018 0:00,2560.546357,1.117845862,
4/4/2018 0:00,4/5/2018 0:00,327.3258136,0.146724821,
4/5/2018 0:00,4/6/2018 0:00,4266.12783,1.884755999,
4/6/2018 0:00,4/7/2018 0:00,1213,0.498004156,
4/7/2018 0:00,4/8/2018 0:00,221,0.09826364,
4/8/2018 0:00,4/9/2018 0:00,1824,0.783132755,
4/9/2018 0:00,4/10/2018 0:00,2663,1.160404488,
4/10/2018 0:00,4/11/2018 0:00,381,0.165235027,
4/11/2018 0:00,4/12/2018 0:00,1277,0.566156148,
4/12/2018 0:00,4/13/2018 0:00,3523,1.638080919,
4/13/2018 0:00,4/14/2018 0:00,2218,1.029500219,
4/14/2018 0:00,4/15/2018 0:00,164,0.071631671,
4/15/2018 0:00,4/16/2018 0:00,162,0.065828064,
4/16/2018 0:00,4/17/2018 0:00,1348,0.565540991,
4/17/2018 0:00,4/18/2018 0:00,176,0.077056242,
4/18/2018 0:00,4/19/2018 0:00,1714,0.764118796,
4/19/2018 0:00,4/20/2018 0:00,5734.172351,2.532009004,
4/20/2018 0:00,4/21/2018 0:00,355.8276486,0.158658408,
4/21/2018 0:00,4/22/2018 0:00,3285,1.41056853,
4/22/2018 0:00,4/23/2018 0:00,2065,0.955923656,
4/23/2018 0:00,4/24/2018 0:00,1962,0.873884017,
4/24/2018 0:00,4/25/2018 0:00,2173,0.89591784,
4/25/2018 0:00,4/26/2018 0:00,1849.540306,0.828062921,
4/26/2018 0:00,4/27/2018 0:00,1399.459694,0.590546152,
4/27/2018 0:00,4/28/2018 0:00,2324,0.96584074,
4/28/2018 0:00,4/29/2018 0:00,15669,6.976538267,
4/29/2018 0:00,4/30/2018 0:00,6965,2.870902678,
4/30/2018 0:00,5/1/2018 0:00,1143,0.410123628,
5/1/2018 0:00,5/2/2018 0:00,4584.555772,1.513665434,
5/2/2018 0:00,5/3/2018 0:00,1001.444228,0.347751392,
5/3/2018 0:00,5/4/2018 0:00,593,0.207941869,
5/4/2018 0:00,5/5/2018 0:00,0,0,
5/5/2018 0:00,5/6/2018 0:00,0,0,
5/6/2018 0:00,5/7/2018 0:00,0,0,
5/7/2018 0:00,5/8/2018 0:00,71,0.031323322,
5/8/2018 0:00,5/9/2018 0:00,1371,0.527345303,
5/9/2018 0:00,5/10/2018 0:00,4582,1.761071592,
5/10/2018 0:00,5/11/2018 0:00,4219,1.534774417,
5/11/2018 0:00,5/12/2018 0:00,2111.631677,0.817747156,
5/12/2018 0:00,5/13/2018 0:00,1166.368323,0.493271495,
5/13/2018 0:00,5/14/2018 0:00,4888.390156,2.217473253,
5/14/2018 0:00,5/15/2018 0:00,1026.609844,0.459083157,
5/15/2018 0:00,5/16/2018 0:00,225,0.094423566,
5/16/2018 0:00,5/17/2018 0:00,949,0.409160503,
5/17/2018 0:00,5/18/2018 0:00,482,0.226141832,
5/18/2018 0:00,5/19/2018 0:00,2108,0.881290762,
5/19/2018 0:00,5/20/2018 0:00,1311,0.568125895,
5/20/2018 0:00,5/21/2018 0:00,183,0.07916269,
5/21/2018 0:00,5/22/2018 0:00,1023,0.457453472,
5/22/2018 0:00,5/23/2018 0:00,155,0.064815229,
5/23/2018 0:00,5/24/2018 0:00,101,0.045770202,
5/24/2018 0:00,5/25/2018 0:00,3954.480531,1.884053908,
5/25/2018 0:00,5/26/2018 0:00,1720.519469,0.691313834,
5/26/2018 0:00,5/27/2018 0:00,472,0.221531257,
5/27/2018 0:00,5/28/2018 0:00,2424,1.082938141,
5/28/2018 0:00,5/29/2018 0:00,3338,1.476744562,
5/29/2018 0:00,5/30/2018 0:00,150,0.067822666,
5/30/2018 0:00,5/31/2018 0:00,121,0.051163704,
5/31/2018 0:00,6/1/2018 0:00,1181,0.487335212,
6/1/2018 0:00,6/2/2018 0:00,2774.702561,1.26696755,
6/2/2018 0:00,6/3/2018 0:00,1130.297439,0.517672651,
6/3/2018 0:00,6/4/2018 0:00,1383,0.627255577,
6/4/2018 0:00,6/5/2018 0:00,1008,0.448941622,
6/5/2018 0:00,6/6/2018 0:00,758.9979384,0.356995827,
6/6/2018 0:00,6/7/2018 0:00,80.00206165,0.034349963,
6/7/2018 0:00,6/8/2018 0:00,761,0.357363,
6/8/2018 0:00,6/9/2018 0:00,555,0.238774308,
6/9/2018 0:00,6/10/2018 0:00,1275,0.58293317,
6/10/2018 0:00,6/11/2018 0:00,194,0.086774487,
6/11/2018 0:00,6/12/2018 0:00,849,0.382311053,
6/12/2018 0:00,6/13/2018 0:00,182,0.080094747,105.2
6/13/2018 0:00,6/14/2018 0:00,718,0.318431031,
6/14/2018 0:00,6/15/2018 0:00,789,0.354635181,
6/15/2018 0:00,6/16/2018 0:00,1677,0.732677414,104
6/16/2018 0:00,6/17/2018 0:00,282,0.125218723,
6/17/2018 0:00,6/18/2018 0:00,2001,0.883564981,
6/18/2018 0:00,6/19/2018 0:00,1462,0.619196393,
6/19/2018 0:00,6/20/2018 0:00,505,0.182534001,
6/20/2018 0:00,6/21/2018 0:00,127,0.052723346,
6/21/2018 0:00,6/22/2018 0:00,2258,1.037080947,
6/22/2018 0:00,6/23/2018 0:00,744,0.307541458,
6/23/2018 0:00,6/24/2018 0:00,1435,0.630461853,
6/24/2018 0:00,6/25/2018 0:00,412,0.17846402,
6/25/2018 0:00,6/26/2018 0:00,1173,0.52695384,
6/26/2018 0:00,6/27/2018 0:00,653,0.255905512,
6/27/2018 0:00,6/28/2018 0:00,960,0.444230693,
6/28/2018 0:00,6/29/2018 0:00,627,0.289105375,
6/29/2018 0:00,6/30/2018 0:00,1195,0.528195321,
6/30/2018 0:00,7/1/2018 0:00,2389,1.078692613,
7/1/2018 0:00,7/2/2018 0:00,1228.776006,0.528686672,
7/2/2018 0:00,7/3/2018 0:00,1088.223994,0.478271565,
7/3/2018 0:00,7/4/2018 0:00,349,0.14694186,
7/4/2018 0:00,7/5/2018 0:00,1722,0.775054658,
7/5/2018 0:00,7/6/2018 0:00,944,0.425396932,
7/6/2018 0:00,7/7/2018 0:00,2865,1.295676517,
7/7/2018 0:00,7/8/2018 0:00,929,0.431029968,
7/8/2018 0:00,7/9/2018 0:00,287.0174699,0.128199077,
7/9/2018 0:00,7/10/2018 0:00,1771.98253,0.811307952,
7/10/2018 0:00,7/11/2018 0:00,719,0.320907152,
7/11/2018 0:00,7/12/2018 0:00,620,0.273726438,
7/12/2018 0:00,7/13/2018 0:00,628,0.30593832,
7/13/2018 0:00,7/14/2018 0:00,63,0.031043705,
7/14/2018 0:00,7/15/2018 0:00,119,0.0530651,
7/15/2018 0:00,7/16/2018 0:00,270,0.119508321,
7/16/2018 0:00,7/17/2018 0:00,1984,0.891394258,
7/17/2018 0:00,7/18/2018 0:00,281,0.124442009,
7/18/2018 0:00,7/19/2018 0:00,137,0.056669053,
7/19/2018 0:00,7/20/2018 0:00,814.4532829,0.371133723,
7/20/2018 0:00,7/21/2018 0:00,1276.546717,0.57566199,104.4
7/21/2018 0:00,7/22/2018 0:00,84,0.036816243,
7/22/2018 0:00,7/23/2018 0:00,145,0.062416736,
7/23/2018 0:00,7/24/2018 0:00,1036,0.480860525,
7/24/2018 0:00,7/25/2018 0:00,147,0.064790374,
7/25/2018 0:00,7/26/2018 0:00,364,0.157759932,
7/26/2018 0:00,7/27/2018 0:00,815,0.365459467,
7/27/2018 0:00,7/28/2018 0:00,1096,0.485514992,
7/28/2018 0:00,7/29/2018 0:00,1249,0.556792084,
7/29/2018 0:00,7/30/2018 0:00,962,0.435672724,
7/30/2018 0:00,7/31/2018 0:00,956,0.423930496,
7/31/2018 0:00,8/1/2018 0:00,387,0.186305725,
8/1/2018 0:00,8/2/2018 0:00,1001,0.412783097,103.4
8/2/2018 0:00,8/3/2018 0:00,1008,0.459584775,
8/3/2018 0:00,8/4/2018 0:00,1201,0.560040376,
8/4/2018 0:00,8/5/2018 0:00,4352,2.014949506,
8/5/2018 0:00,8/6/2018 0:00,1549,0.702323431,
8/6/2018 0:00,8/7/2018 0:00,3010,1.36384763,
8/7/2018 0:00,8/8/2018 0:00,130,0.059011622,
8/8/2018 0:00,8/9/2018 0:00,1081.990965,0.473800802,
8/9/2018 0:00,8/10/2018 0:00,85.00903516,0.036136665,
8/10/2018 0:00,8/11/2018 0:00,930,0.396565309,
8/11/2018 0:00,8/12/2018 0:00,7122,3.199200047,
8/12/2018 0:00,8/13/2018 0:00,275,0.123596944,
8/13/2018 0:00,8/14/2018 0:00,1767,0.757668963,
8/14/2018 0:00,8/15/2018 0:00,743.6644792,0.280766002,
8/15/2018 0:00,8/16/2018 0:00,1910.335521,0.856163082,
8/16/2018 0:00,8/17/2018 0:00,672,0.27108561,
8/17/2018 0:00,8/18/2018 0:00,1429,0.625789141,
8/18/2018 0:00,8/19/2018 0:00,2016,0.906636493,
8/19/2018 0:00,8/20/2018 0:00,1049,0.476597918,
8/20/2018 0:00,8/21/2018 0:00,940,0.374028175,
8/21/2018 0:00,8/22/2018 0:00,470,0.209588503,
8/22/2018 0:00,8/23/2018 0:00,482,0.211952655,
8/23/2018 0:00,8/24/2018 0:00,815,0.358214279,
8/24/2018 0:00,8/25/2018 0:00,2492,1.114511649,
8/25/2018 0:00,8/26/2018 0:00,2059,0.931134926,
8/26/2018 0:00,8/27/2018 0:00,2021,0.757265072,
8/27/2018 0:00,8/28/2018 0:00,2180,0.983789155,
8/28/2018 0:00,8/29/2018 0:00,5604,2.498624837,
8/29/2018 0:00,8/30/2018 0:00,5441,2.451060656,
8/30/2018 0:00,8/31/2018 0:00,4563,2.063221768,
8/31/2018 0:00,9/1/2018 0:00,811,0.335409956,
9/1/2018 0:00,9/2/2018 0:00,223,0.092783146,
9/2/2018 0:00,9/3/2018 0:00,1268,0.58667657,
9/3/2018 0:00,9/4/2018 0:00,1000,0.463388354,
9/4/2018 0:00,9/5/2018 0:00,2867,1.30033728,
9/5/2018 0:00,9/6/2018 0:00,1470,0.678332289,
9/6/2018 0:00,9/7/2018 0:00,3136,1.433118122,
9/7/2018 0:00,9/8/2018 0:00,973,0.417486877,
9/8/2018 0:00,9/9/2018 0:00,120,0.054295415,
9/9/2018 0:00,9/10/2018 0:00,1498,0.667470721,
9/10/2018 0:00,9/11/2018 0:00,192,0.085550386,
9/11/2018 0:00,9/12/2018 0:00,2209,1.003930794,
9/12/2018 0:00,9/13/2018 0:00,1834,0.831063225,
9/13/2018 0:00,9/14/2018 0:00,2416,1.08625005,
9/14/2018 0:00,9/15/2018 0:00,1814,0.813940801,
9/15/2018 0:00,9/16/2018 0:00,1969,0.885790395,
9/16/2018 0:00,9/17/2018 0:00,284,0.124379872,
9/17/2018 0:00,9/18/2018 0:00,128,0.056227879,
9/18/2018 0:00,9/19/2018 0:00,1901,0.850893283,
9/19/2018 0:00,9/20/2018 0:00,3983,1.81541877,
9/20/2018 0:00,9/21/2018 0:00,2991,1.378617623,
9/21/2018 0:00,9/22/2018 0:00,1434,0.64021738,
9/22/2018 0:00,9/23/2018 0:00,1401.161308,0.645928324,
9/23/2018 0:00,9/24/2018 0:00,1972.714648,0.87525354,
9/24/2018 0:00,9/25/2018 0:00,223.1240444,0.092915107,
9/25/2018 0:00,9/26/2018 0:00,1577.336779,0.719089825,
9/26/2018 0:00,9/27/2018 0:00,2316.226289,0.97214323,
9/27/2018 0:00,9/28/2018 0:00,2684.436932,1.263812424,
9/28/2018 0:00,9/29/2018 0:00,604.8395781,0.274509054,
9/29/2018 0:00,9/30/2018 0:00,1322.349962,0.601537176,
9/30/2018 0:00,10/1/2018 0:00,1322.349962,0.601537176,
10/1/2018 0:00,10/2/2018 0:00,1322.349962,0.601537176,
10/2/2018 0:00,10/3/2018 0:00,1322.349962,0.601537176,
10/3/2018 0:00,10/4/2018 0:00,1322.349962,0.601537176,
10/4/2018 0:00,10/5/2018 0:00,1322.349962,0.601537176,
10/5/2018 0:00,10/6/2018 0:00,1322.349962,0.601537176,
10/6/2018 0:00,10/7/2018 0:00,1090.71069,0.496285552,
10/7/2018 0:00,10/8/2018 0:00,158,0.069357452,
10/8/2018 0:00,10/9/2018 0:00,140,0.062739849,
10/9/2018 0:00,10/10/2018 0:00,2038,0.926824843,
10/10/2018 0:00,10/11/2018 0:00,1738,0.787830321,
10/11/2018 0:00,10/12/2018 0:00,2813,1.286008461,
10/12/2018 0:00,10/13/2018 0:00,185,0.080132029,
10/13/2018 0:00,10/14/2018 0:00,1731,0.767629401,
10/14/2018 0:00,10/15/2018 0:00,580,0.265863398,
10/15/2018 0:00,10/16/2018 0:00,113,0.049809115,
10/16/2018 0:00,10/17/2018 0:00,1074,0.498818152,
10/17/2018 0:00,10/18/2018 0:00,4071.203246,1.888146955,
10/18/2018 0:00,10/19/2018 0:00,6025.796754,2.79550627,
10/19/2018 0:00,10/20/2018 0:00,3456,1.572298343,
10/20/2018 0:00,10/21/2018 0:00,152,0.066729052,
10/21/2018 0:00,10/22/2018 0:00,467,0.208389257,
10/22/2018 0:00,10/23/2018 0:00,113,0.047802086,
10/23/2018 0:00,10/24/2018 0:00,2100.797435,0.946887162,
10/24/2018 0:00,10/25/2018 0:00,2016.156758,0.906737105,
10/25/2018 0:00,10/26/2018 0:00,2016.156758,0.906737105,
10/26/2018 0:00,10/27/2018 0:00,1678.889049,0.755624319,
10/27/2018 0:00,10/28/2018 0:00,83,0.036654687,
10/28/2018 0:00,10/29/2018 0:00,165,0.07161303,
10/29/2018 0:00,10/30/2018 0:00,243,0.10941104,
10/30/2018 0:00,10/31/2018 0:00,965.6441443,0.440929348,
10/31/2018 0:00,11/1/2018 0:00,1440.146463,0.658338027,
11/1/2018 0:00,11/2/2018 0:00,1440.146463,0.658338027,
11/2/2018 0:00,11/3/2018 0:00,1440.146463,0.658338027,
11/3/2018 0:00,11/4/2018 0:00,3386.916468,1.565017572,
11/4/2018 0:00,11/5/2018 0:00,1687,0.773793546,
11/5/2018 0:00,11/6/2018 0:00,907,0.429218365,
11/6/2018 0:00,11/7/2018 0:00,2468,1.151040424,
11/7/2018 0:00,11/8/2018 0:00,2159.424175,0.990738292,
11/8/2018 0:00,11/9/2018 0:00,2931.958769,1.347114847,
11/9/2018 0:00,11/10/2018 0:00,1012.617056,0.458246212,
11/10/2018 0:00,11/11/2018 0:00,377,0.178432952,
11/11/2018 0:00,11/12/2018 0:00,1990,0.912756533,
11/12/2018 0:00,11/13/2018 0:00,112,0.047628102,
11/13/2018 0:00,11/14/2018 0:00,2800,1.249962718,
11/14/2018 0:00,11/15/2018 0:00,3933,1.715515505,
11/15/2018 0:00,11/16/2018 0:00,2865,1.188428329,
11/16/2018 0:00,11/17/2018 0:00,342,0.157946343,
11/17/2018 0:00,11/18/2018 0:00,465,0.203679263,
11/18/2018 0:00,11/19/2018 0:00,367,0.158803836,
11/19/2018 0:00,11/20/2018 0:00,687,0.301470661,
11/20/2018 0:00,11/21/2018 0:00,2451,1.105636831,
11/21/2018 0:00,11/22/2018 0:00,166,0.072837131,
11/22/2018 0:00,11/23/2018 0:00,261,0.112511682,
11/23/2018 0:00,11/24/2018 0:00,576,0.260782712,
11/24/2018 0:00,11/25/2018 0:00,363,0.170517443,
11/25/2018 0:00,11/26/2018 0:00,1890,0.854509664,
11/26/2018 0:00,11/27/2018 0:00,1988,0.847655939,
11/27/2018 0:00,11/28/2018 0:00,3191,1.374398513,
11/28/2018 0:00,11/29/2018 0:00,2207,0.96294515,
11/29/2018 0:00,11/30/2018 0:00,3521,1.556130945,
11/30/2018 0:00,12/1/2018 0:00,106,0.044943778,
12/1/2018 0:00,12/2/2018 0:00,146,0.063541418,
12/2/2018 0:00,12/3/2018 0:00,166,0.073551708,
12/3/2018 0:00,12/4/2018 0:00,131,0.05432027,
12/4/2018 0:00,12/5/2018 0:00,3077,1.336128261,
12/5/2018 0:00,12/6/2018 0:00,3570,1.463061968,
12/6/2018 0:00,12/7/2018 0:00,3412,1.545106368,
12/7/2018 0:00,12/8/2018 0:00,636,0.28787506,
12/8/2018 0:00,12/9/2018 0:00,2206,1.010069942,
12/9/2018 0:00,12/10/2018 0:00,182,0.08058563,
12/10/2018 0:00,12/11/2018 0:00,258,0.122615177,
12/11/2018 0:00,12/12/2018 0:00,370,0.165893681,
12/12/2018 0:00,12/13/2018 0:00,2530,1.140936928,
12/13/2018 0:00,12/14/2018 0:00,6123,2.612909359,
12/14/2018 0:00,12/15/2018 0:00,202,0.086855265,
12/15/2018 0:00,12/16/2018 0:00,1986,0.837720214,
12/16/2018 0:00,12/17/2018 0:00,538.5530908,0.221882677,
12/17/2018 0:00,12/18/2018 0:00,272.4469092,0.125004004,
12/18/2018 0:00,12/19/2018 0:00,7381,3.284290545,
12/19/2018 0:00,12/20/2018 0:00,827,0.366745705,
12/20/2018 0:00,12/21/2018 0:00,1050,0.454104281,
12/21/2018 0:00,12/22/2018 0:00,1844,0.804035682,
12/22/2018 0:00,12/23/2018 0:00,3229,1.442028553,
12/23/2018 0:00,12/24/2018 0:00,1885,0.810224539,
12/24/2018 0:00,12/25/2018 0:00,175,0.073402579,
12/25/2018 0:00,12/26/2018 0:00,221,0.098655104,
12/26/2018 0:00,12/27/2018 0:00,1361,0.612758988,
12/27/2018 0:00,12/28/2018 0:00,6757,2.977210964,
12/28/2018 0:00,12/29/2018 0:00,943,0.439663614,
12/29/2018 0:00,12/30/2018 0:00,2574,1.061482194,
12/30/2018 0:00,12/31/2018 0:00,245,0.109852213,
12/31/2018 0:00,1/1/2019 0:00,1814,0.779044132,
1/1/2019 0:00,1/2/2019 0:00,260,0.113443739,
1/2/2019 0:00,1/3/2019 0:00,429,0.184578313,
1/3/2019 0:00,1/4/2019 0:00,189,0.08420201,
1/4/2019 0:00,1/5/2019 0:00,5341,2.23239891,
1/5/2019 0:00,1/6/2019 0:00,4209,1.746775069,
1/6/2019 0:00,1/7/2019 0:00,1821,0.812890221,
1/7/2019 0:00,1/8/2019 0:00,530,0.237158743,
1/8/2019 0:00,1/9/2019 0:00,265,0.111045246,
1/9/2019 0:00,1/10/2019 0:00,164,0.071805655,
1/10/2019 0:00,1/11/2019 0:00,113,0.049796687,
1/11/2019 0:00,1/12/2019 0:00,1198,0.518785128,
1/12/2019 0:00,1/13/2019 0:00,603,0.254018335,
1/13/2019 0:00,1/14/2019 0:00,1182,0.520516434,
1/14/2019 0:00,1/15/2019 0:00,1437,0.645866139,
1/15/2019 0:00,1/16/2019 0:00,466,0.215671727,
1/16/2019 0:00,1/17/2019 0:00,253,0.113226259,
1/17/2019 0:00,1/18/2019 0:00,237,0.105732522,
1/18/2019 0:00,1/19/2019 0:00,470,0.206407083,
1/19/2019 0:00,1/20/2019 0:00,2615,1.104574286,
1/20/2019 0:00,1/21/2019 0:00,279,0.128350433,
1/21/2019 0:00,1/22/2019 0:00,82,0.034970771,
1/22/2019 0:00,1/23/2019 0:00,235,0.090533783,
1/23/2019 0:00,1/24/2019 0:00,179.8108617,0.079087671,
1/24/2019 0:00,1/25/2019 0:00,84.18913829,0.034697821,
1/25/2019 0:00,1/26/2019 0:00,248,0.1076712,
1/26/2019 0:00,1/27/2019 0:00,227,0.09776033,
1/27/2019 0:00,1/28/2019 0:00,1786.16228,0.76949096,
1/28/2019 0:00,1/29/2019 0:00,588.8377202,0.257915237,
1/29/2019 0:00,1/30/2019 0:00,2139,0.940477533,
1/30/2019 0:00,1/31/2019 0:00,80,0.037561889,
1/31/2019 0:00,2/1/2019 0:00,170,0.074371918,
2/1/2019 0:00,2/2/2019 0:00,249,0.107379156,
2/2/2019 0:00,2/3/2019 0:00,2213,0.990437649,
2/3/2019 0:00,2/4/2019 0:00,212,0.092578094,
2/4/2019 0:00,2/5/2019 0:00,1464,0.668396564,
2/5/2019 0:00,2/6/2019 0:00,168,0.069543864,
2/6/2019 0:00,2/7/2019 0:00,962,0.423384455,
2/7/2019 0:00,2/8/2019 0:00,869,0.403161315,
2/8/2019 0:00,2/9/2019 0:00,218,0.096281466,
2/9/2019 0:00,2/10/2019 0:00,1186,0.526019064,
2/10/2019 0:00,2/11/2019 0:00,122,0.053176947,
2/11/2019 0:00,2/12/2019 0:00,439,0.194427046,
2/12/2019 0:00,2/13/2019 0:00,240,0.10422259,
2/13/2019 0:00,2/14/2019 0:00,244,0.112244492,
2/14/2019 0:00,2/15/2019 0:00,812,0.348850215,
2/15/2019 0:00,2/16/2019 0:00,3855,1.733443265,
2/16/2019 0:00,2/17/2019 0:00,3989,1.638287555,
2/17/2019 0:00,2/18/2019 0:00,1766,0.765141894,
2/18/2019 0:00,2/19/2019 0:00,2757,1.227712583,
2/19/2019 0:00,2/20/2019 0:00,395,0.176022031,
2/20/2019 0:00,2/21/2019 0:00,300.3476644,0.129607413,
2/21/2019 0:00,2/22/2019 0:00,374.6523356,0.164096109,
2/22/2019 0:00,2/23/2019 0:00,280,0.122366629,
2/23/2019 0:00,2/24/2019 0:00,2050,0.922251551,
2/24/2019 0:00,2/25/2019 0:00,2009,0.931329784,
2/25/2019 0:00,2/26/2019 0:00,782,0.351261135,
2/26/2019 0:00,2/27/2019 0:00,167,0.070581554,
2/27/2019 0:00,2/28/2019 0:00,155,0.068363259,
2/28/2019 0:00,3/1/2019 0:00,1279,0.565054228,
3/1/2019 0:00,3/2/2019 0:00,244,0.104259872,
3/2/2019 0:00,3/3/2019 0:00,3053,1.405436004,
3/3/2019 0:00,3/4/2019 0:00,217,0.091012239,
3/4/2019 0:00,3/5/2019 0:00,410,0.177438758,
3/5/2019 0:00,3/6/2019 0:00,1551,0.692493339,
3/6/2019 0:00,3/7/2019 0:00,160,0.069724061,
3/7/2019 0:00,3/8/2019 0:00,1997,0.883484326,
3/8/2019 0:00,3/9/2019 0:00,2078,0.948679889,
3/9/2019 0:00,3/10/2019 0:00,88,0.038152191,
3/10/2019 0:00,3/11/2019 0:00,1388,0.639036775,
3/11/2019 0:00,3/12/2019 0:00,1090,0.480437992,
3/12/2019 0:00,3/13/2019 0:00,181,0.075485825,
3/13/2019 0:00,3/14/2019 0:00,364,0.166577189,
3/14/2019 0:00,3/15/2019 0:00,1160,0.526238719,
3/15/2019 0:00,3/16/2019 0:00,154,0.067654895,
3/16/2019 0:00,3/17/2019 0:00,1055,0.481419759,
3/17/2019 0:00,3/18/2019 0:00,173,0.077677613,
3/18/2019 0:00,3/19/2019 0:00,1841,0.84569862,
3/19/2019 0:00,3/20/2019 0:00,272,0.11182196,
3/20/2019 0:00,3/21/2019 0:00,724,0.328692277,
3/21/2019 0:00,3/22/2019 0:00,1479,0.688522777,
3/22/2019 0:00,3/23/2019 0:00,3418,1.581768721,
3/23/2019 0:00,3/24/2019 0:00,1639,0.717286422,
3/24/2019 0:00,3/25/2019 0:00,255,0.108472769,
3/25/2019 0:00,3/26/2019 0:00,113,0.049535711,
3/26/2019 0:00,3/27/2019 0:00,5398,2.420916459,
3/27/2019 0:00,3/28/2019 0:00,3131,1.359870854,
3/28/2019 0:00,3/29/2019 0:00,2939,1.26471407,
3/29/2019 0:00,3/30/2019 0:00,3462,1.412605246,
3/30/2019 0:00,3/31/2019 0:00,4706,2.065773383,
3/31/2019 0:00,4/1/2019 0:00,1514,0.639863199,
4/1/2019 0:00,4/2/2019 0:00,2694,1.191044301,
4/2/2019 0:00,4/3/2019 0:00,2694,1.216203621,
4/3/2019 0:00,4/4/2019 0:00,3461,1.532543695,
4/4/2019 0:00,4/5/2019 0:00,2494,0.987346397,
4/5/2019 0:00,4/6/2019 0:00,2576,1.03969692,
4/6/2019 0:00,4/7/2019 0:00,1566,0.701372733,
4/7/2019 0:00,4/8/2019 0:00,104,0.044987274,
4/8/2019 0:00,4/9/2019 0:00,3421.089509,1.606786141,
4/9/2019 0:00,4/10/2019 0:00,3697.910491,1.651566331,
4/10/2019 0:00,4/11/2019 0:00,2688,1.228786387,
4/11/2019 0:00,4/12/2019 0:00,3621,1.664047464,
4/12/2019 0:00,4/13/2019 0:00,2708,1.261773325,
4/13/2019 0:00,4/14/2019 0:00,2306,1.041181997,
4/14/2019 0:00,4/15/2019 0:00,310,0.135396783,
4/15/2019 0:00,4/16/2019 0:00,2528,1.023330003,
4/16/2019 0:00,4/17/2019 0:00,558,0.239774716,
4/17/2019 0:00,4/18/2019 0:00,2548,1.157881721,
4/18/2019 0:00,4/19/2019 0:00,2693,1.186992961,
4/19/2019 0:00,4/20/2019 0:00,549,0.246690577,
4/20/2019 0:00,4/21/2019 0:00,264,0.114953671,
4/21/2019 0:00,4/22/2019 0:00,160,0.074670176,
4/22/2019 0:00,4/23/2019 0:00,3410,1.459476656,
4/23/2019 0:00,4/24/2019 0:00,2673,1.141670146,
4/24/2019 0:00,4/25/2019 0:00,2842,1.209940199,
4/25/2019 0:00,4/26/2019 0:00,114,0.052139257,
4/26/2019 0:00,4/27/2019 0:00,3214,1.286331574,
4/27/2019 0:00,4/28/2019 0:00,4496,1.949055019,
4/28/2019 0:00,4/29/2019 0:00,542,0.24545466,
4/29/2019 0:00,4/30/2019 0:00,2676,1.169954963,
4/30/2019 0:00,5/1/2019 0:00,3755,1.612483099,
5/1/2019 0:00,5/2/2019 0:00,4339,1.909779437,
5/2/2019 0:00,5/3/2019 0:00,345,0.151254176,
5/3/2019 0:00,5/4/2019 0:00,2914,1.277602117,
5/4/2019 0:00,5/5/2019 0:00,3486,1.489930058,
5/5/2019 0:00,5/6/2019 0:00,1714,0.732459934,
5/6/2019 0:00,5/7/2019 0:00,3019.581641,1.359867815,
5/7/2019 0:00,5/8/2019 0:00,2652.418359,1.214340471,
5/8/2019 0:00,5/9/2019 0:00,2645,1.244844918,
5/9/2019 0:00,5/10/2019 0:00,3769,1.571186769,
5/10/2019 0:00,5/11/2019 0:00,2092,0.950133601,
5/11/2019 0:00,5/12/2019 0:00,4224,1.954532979,
5/12/2019 0:00,5/13/2019 0:00,1259,0.578782411,
5/13/2019 0:00,5/14/2019 0:00,3206,1.312379454,
5/14/2019 0:00,5/15/2019 0:00,1737,0.71033912,
5/15/2019 0:00,5/16/2019 0:00,239,0.104819106,
5/16/2019 0:00,5/17/2019 0:00,3256,1.447067874,
5/17/2019 0:00,5/18/2019 0:00,2552,1.075657837,
5/18/2019 0:00,5/19/2019 0:00,1827,0.834165971,
5/19/2019 0:00,5/20/2019 0:00,240,0.106217192,
5/20/2019 0:00,5/21/2019 0:00,2757,1.180331862,
5/21/2019 0:00,5/22/2019 0:00,2850,1.206591009,
5/22/2019 0:00,5/23/2019 0:00,640,0.285296369,
5/23/2019 0:00,5/24/2019 0:00,2856,1.288071413,
5/24/2019 0:00,5/25/2019 0:00,4127,1.904570045,
5/25/2019 0:00,5/26/2019 0:00,1807,0.791838165,
5/26/2019 0:00,5/27/2019 0:00,2424,1.130528961,
5/27/2019 0:00,5/28/2019 0:00,2003,0.908550316,
5/28/2019 0:00,5/29/2019 0:00,2881,1.288419381,
5/29/2019 0:00,5/30/2019 0:00,107,0.046192734,
5/30/2019 0:00,5/31/2019 0:00,5241,2.296799193,
5/31/2019 0:00,6/1/2019 0:00,3876.569958,1.659062056,
6/1/2019 0:00,6/2/2019 0:00,4122.430042,1.576386673,
6/2/2019 0:00,6/3/2019 0:00,486,0.211750875,
6/3/2019 0:00,6/4/2019 0:00,2708,1.178200559,
6/4/2019 0:00,6/5/2019 0:00,3352,1.39922336,
6/5/2019 0:00,6/6/2019 0:00,253,0.111511274,
6/6/2019 0:00,6/7/2019 0:00,6540,2.668155472,
6/7/2019 0:00,6/8/2019 0:00,2744,1.169650491,
6/8/2019 0:00,6/9/2019 0:00,6336,2.367759783,
6/9/2019 0:00,6/10/2019 0:00,218,0.097897031,
6/10/2019 0:00,6/11/2019 0:00,3034,1.322756353,
6/11/2019 0:00,6/12/2019 0:00,2921,1.216065253,
6/12/2019 0:00,6/13/2019 0:00,151,0.065741072,
6/13/2019 0:00,6/14/2019 0:00,3183,1.373174411,
6/14/2019 0:00,6/15/2019 0:00,3212,1.409729679,
6/15/2019 0:00,6/16/2019 0:00,1875,0.725655919,
6/16/2019 0:00,6/17/2019 0:00,124,0.055264754,
6/17/2019 0:00,6/18/2019 0:00,2823,1.212077716,
6/18/2019 0:00,6/19/2019 0:00,2723,1.155023413,
6/19/2019 0:00,6/20/2019 0:00,4113,1.785473793,
6/20/2019 0:00,6/21/2019 0:00,4052,1.784211455,
6/21/2019 0:00,6/22/2019 0:00,2483,1.042455808,
6/22/2019 0:00,6/23/2019 0:00,3948,1.820902315,
6/23/2019 0:00,6/24/2019 0:00,1532,0.594223485,
6/24/2019 0:00,6/25/2019 0:00,2804,1.193405512,
6/25/2019 0:00,6/26/2019 0:00,3225,1.320576498,
6/26/2019 0:00,6/27/2019 0:00,133,0.059769695,
6/27/2019 0:00,6/28/2019 0:00,3235,1.318462678,
6/28/2019 0:00,6/29/2019 0:00,1053,0.469583283,
6/29/2019 0:00,6/30/2019 0:00,3435,1.354427643,
6/30/2019 0:00,7/1/2019 0:00,163,0.069171041,109.6
